understat_match_id,season,datetime,home_team,away_team,home_team_id,away_team_id,home_goals,away_goals,home_xg,away_xg
26982,2024,2024-08-15 17:00:00,Athletic Club,Getafe,147,142,1,1,0.290195,0.537517
26983,2024,2024-08-15 19:30:00,Real Betis,Girona,153,223,1,1,1.80582,1.54726
26984,2024,2024-08-16 17:00:00,Celta Vigo,Alaves,152,158,2,1,0.793797,1.9391
26985,2024,2024-08-16 19:30:00,Las Palmas,Sevilla,144,138,2,2,1.3187,2.09987
26986,2024,2024-08-17 17:00:00,Osasuna,Leganes,157,159,1,1,1.7631,1.33949
26987,2024,2024-08-17 19:30:00,Valencia,Barcelona,146,148,1,2,1.55206,3.48824
26988,2024,2024-08-18 17:00:00,Real Sociedad,Rayo Vallecano,140,145,1,2,1.56608,1.60148
26989,2024,2024-08-18 19:30:00,Mallorca,Real Madrid,239,150,1,1,1.30561,0.608052
26990,2024,2024-08-19 17:00:00,Real Valladolid,Espanyol,231,141,1,0,1.17753,0.515586
26991,2024,2024-08-19 19:30:00,Villarreal,Atletico Madrid,154,143,2,2,0.68684,1.13868
26992,2024,2024-08-23 17:00:00,Celta Vigo,Valencia,152,146,3,1,1.30571,1.1544
26993,2024,2024-08-23 19:30:00,Sevilla,Villarreal,138,154,1,2,1.23826,1.39825
26994,2024,2024-08-24 15:00:00,Osasuna,Mallorca,157,239,1,0,0.887678,0.427602
26995,2024,2024-08-24 17:00:00,Barcelona,Athletic Club,148,147,2,1,2.41577,1.09985
26996,2024,2024-08-24 19:30:00,Getafe,Rayo Vallecano,142,145,0,0,0.512723,0.161076
26997,2024,2024-08-24 19:30:00,Espanyol,Real Sociedad,141,140,0,1,1.79566,0.796104
26998,2024,2024-08-25 15:00:00,Real Madrid,Real Valladolid,150,231,3,0,2.17954,0.378528
26999,2024,2024-08-25 17:00:00,Leganes,Las Palmas,159,144,2,1,1.58998,1.23438
27000,2024,2024-08-25 17:15:00,Alaves,Real Betis,158,153,0,0,0.172545,1.36012
27001,2024,2024-08-25 19:30:00,Atletico Madrid,Girona,143,223,3,0,1.42393,0.596524
27002,2024,2024-08-26 19:30:00,Villarreal,Celta Vigo,154,152,4,3,4.3817,3.79183
27003,2024,2024-08-27 17:00:00,Mallorca,Sevilla,239,138,0,0,0.940858,0.60976
27004,2024,2024-08-27 19:30:00,Rayo Vallecano,Barcelona,145,148,1,2,0.392473,1.51872
27005,2024,2024-08-28 17:00:00,Real Valladolid,Leganes,231,159,0,0,0.773785,0.184577
27006,2024,2024-08-28 17:00:00,Athletic Club,Valencia,147,146,1,0,1.51595,0.0996371
27008,2024,2024-08-28 19:30:00,Real Sociedad,Alaves,140,158,1,2,0.951647,2.62561
27009,2024,2024-08-28 19:30:00,Atletico Madrid,Espanyol,143,141,0,0,3.88587,0.855829
27010,2024,2024-08-29 17:00:00,Girona,Osasuna,223,157,4,0,2.6015,0.0199618
27011,2024,2024-08-29 19:30:00,Las Palmas,Real Madrid,144,150,1,1,0.809213,3.28322
27012,2024,2024-08-31 15:00:00,Barcelona,Real Valladolid,148,231,7,0,4.94022,0.422493
27013,2024,2024-08-31 17:00:00,Athletic Club,Atletico Madrid,147,143,0,1,0.252231,1.58613
27014,2024,2024-08-31 17:15:00,Espanyol,Rayo Vallecano,141,145,2,1,1.84679,1.0088
27015,2024,2024-08-31 19:30:00,Valencia,Villarreal,146,154,1,1,1.14322,0.885369
27016,2024,2024-08-31 19:30:00,Leganes,Mallorca,159,239,0,1,0.52078,1.48758
27017,2024,2024-09-01 15:00:00,Alaves,Las Palmas,158,144,2,0,2.01026,0.547308
27018,2024,2024-09-01 15:00:00,Osasuna,Celta Vigo,157,152,3,2,0.779621,1.72329
27019,2024,2024-09-01 17:00:00,Sevilla,Girona,138,223,0,2,0.812687,2.36355
27020,2024,2024-09-01 17:15:00,Getafe,Real Sociedad,142,140,0,0,0.547095,0.0209183
27021,2024,2024-09-01 19:30:00,Real Madrid,Real Betis,150,153,2,0,2.37168,0.831429
27024,2024,2024-09-13 19:00:00,Real Betis,Leganes,153,159,2,0,1.72201,0.107021
27026,2024,2024-09-14 12:00:00,Mallorca,Villarreal,239,154,1,2,0.345425,2.41884
27022,2024,2024-09-14 14:15:00,Espanyol,Alaves,141,158,3,2,1.95102,2.3693
27029,2024,2024-09-14 16:30:00,Sevilla,Getafe,138,142,1,0,1.64801,0.971555
27031,2024,2024-09-14 19:00:00,Real Sociedad,Real Madrid,140,150,0,2,1.41828,2.2759
27025,2024,2024-09-15 12:00:00,Celta Vigo,Real Valladolid,152,231,3,1,1.99273,0.382657
27028,2024,2024-09-15 14:15:00,Girona,Barcelona,223,148,1,4,1.09568,2.5936
27027,2024,2024-09-15 16:30:00,Las Palmas,Athletic Club,144,147,2,3,1.5194,1.80432
27023,2024,2024-09-15 19:00:00,Atletico Madrid,Valencia,143,146,3,0,3.22965,0.18311
27030,2024,2024-09-16 19:00:00,Rayo Vallecano,Osasuna,145,157,3,1,1.48433,0.530311
27045,2024,2024-09-17 19:00:00,Mallorca,Real Sociedad,239,140,1,0,1.56932,0.499139
27007,2024,2024-09-18 17:00:00,Real Betis,Getafe,153,142,2,1,3.06176,0.864309
27047,2024,2024-09-19 17:00:00,Leganes,Athletic Club,159,147,0,2,0.666594,1.32325
27035,2024,2024-09-20 19:00:00,Alaves,Sevilla,158,138,2,1,1.40641,0.623937
27039,2024,2024-09-21 12:00:00,Real Valladolid,Real Sociedad,231,140,0,0,0.952589,1.3906
27040,2024,2024-09-21 14:15:00,Osasuna,Las Palmas,157,144,2,1,1.97167,1.28282
27038,2024,2024-09-21 16:30:00,Valencia,Girona,146,223,2,0,0.350785,0.387698
27041,2024,2024-09-21 19:00:00,Real Madrid,Espanyol,150,141,4,1,4.89487,0.318831
27034,2024,2024-09-22 12:00:00,Getafe,Leganes,142,159,1,1,1.24276,0.783211
27032,2024,2024-09-22 14:15:00,Athletic Club,Celta Vigo,147,152,3,1,0.864304,1.21547
27037,2024,2024-09-22 16:30:00,Villarreal,Barcelona,154,148,1,5,2.39605,4.1937
27036,2024,2024-09-22 19:00:00,Rayo Vallecano,Atletico Madrid,145,143,1,1,1.68952,0.554066
27033,2024,2024-09-23 19:00:00,Real Betis,Mallorca,153,239,1,2,1.37084,1.4369
27046,2024,2024-09-24 17:00:00,Sevilla,Real Valladolid,138,231,2,1,1.67099,0.411515
27050,2024,2024-09-24 17:00:00,Valencia,Osasuna,146,157,0,0,1.17527,0.377552
27051,2024,2024-09-24 19:00:00,Real Madrid,Alaves,150,158,3,2,1.79791,0.853455
27044,2024,2024-09-25 17:00:00,Girona,Rayo Vallecano,223,145,0,0,2.1579,0.377734
27043,2024,2024-09-25 19:00:00,Barcelona,Getafe,148,142,1,0,2.20799,0.929851
27042,2024,2024-09-26 17:00:00,Espanyol,Villarreal,141,154,1,2,0.355072,1.96233
27049,2024,2024-09-26 17:00:00,Las Palmas,Real Betis,144,153,1,1,1.10799,2.66646
27048,2024,2024-09-26 19:00:00,Celta Vigo,Atletico Madrid,152,143,0,1,1.76126,0.778357
27057,2024,2024-09-27 19:00:00,Real Valladolid,Mallorca,231,239,1,2,1.31551,2.49026
27059,2024,2024-09-28 12:00:00,Getafe,Alaves,142,158,2,0,2.55847,0.415348
27060,2024,2024-09-28 14:15:00,Rayo Vallecano,Leganes,145,159,1,1,1.15229,0.852356
27055,2024,2024-09-28 16:30:00,Real Sociedad,Valencia,140,146,3,0,3.6853,0.805963
27056,2024,2024-09-28 19:00:00,Osasuna,Barcelona,157,148,4,2,2.50067,0.751814
27054,2024,2024-09-29 12:00:00,Celta Vigo,Girona,152,223,1,1,0.52399,1.41269
27052,2024,2024-09-29 14:15:00,Athletic Club,Sevilla,147,138,1,1,1.82961,1.24147
27061,2024,2024-09-29 16:30:00,Real Betis,Espanyol,153,141,1,0,1.97922,0.569387
27053,2024,2024-09-29 19:00:00,Atletico Madrid,Real Madrid,143,150,1,1,1.05477,0.660987
27058,2024,2024-09-30 19:00:00,Villarreal,Las Palmas,154,144,3,1,4.07869,0.802357
27065,2024,2024-10-04 19:00:00,Leganes,Valencia,159,146,0,0,0.913168,0.703751
27071,2024,2024-10-05 12:00:00,Espanyol,Mallorca,141,239,2,1,0.948554,1.79839
27062,2024,2024-10-05 14:15:00,Getafe,Osasuna,142,157,1,1,1.34832,0.247706
27069,2024,2024-10-05 16:30:00,Las Palmas,Celta Vigo,144,152,0,1,0.964894,0.814163
27070,2024,2024-10-05 16:30:00,Real Valladolid,Rayo Vallecano,231,145,1,2,1.65842,1.64746
27063,2024,2024-10-05 19:00:00,Real Madrid,Villarreal,150,154,2,0,0.459582,1.4618
27066,2024,2024-10-06 12:00:00,Girona,Athletic Club,223,147,2,1,2.17393,3.15974
27064,2024,2024-10-06 14:15:00,Alaves,Barcelona,158,148,0,3,0.794829,2.49367
27068,2024,2024-10-06 16:30:00,Sevilla,Real Betis,138,153,1,0,1.8284,0.436615
27067,2024,2024-10-06 19:00:00,Real Sociedad,Atletico Madrid,140,143,1,1,1.08517,0.561748
27078,2024,2024-10-18 19:00:00,Alaves,Real Valladolid,158,231,2,3,0.433035,2.33646
27072,2024,2024-10-19 12:00:00,Athletic Club,Espanyol,147,141,4,1,1.46517,0.500795
27079,2024,2024-10-19 14:15:00,Osasuna,Real Betis,157,153,1,2,2.21025,2.79181
27076,2024,2024-10-19 16:30:00,Girona,Real Sociedad,223,140,0,1,0.446152,1.86082
27075,2024,2024-10-19 19:00:00,Celta Vigo,Real Madrid,152,150,1,2,1.79112,1.19816
27077,2024,2024-10-20 12:00:00,Mallorca,Rayo Vallecano,239,145,1,0,2.72076,0.464955
27073,2024,2024-10-20 14:15:00,Atletico Madrid,Leganes,143,159,3,1,5.21397,0.271901
27080,2024,2024-10-20 16:30:00,Villarreal,Getafe,154,142,1,1,1.14683,2.02638
27074,2024,2024-10-20 19:00:00,Barcelona,Sevilla,148,138,5,1,4.08528,0.599652
27081,2024,2024-10-21 19:00:00,Valencia,Las Palmas,146,144,2,3,1.94417,1.56861
27091,2024,2024-10-25 19:00:00,Espanyol,Sevilla,141,138,0,2,1.0292,0.813306
27089,2024,2024-10-26 12:00:00,Real Valladolid,Villarreal,231,154,1,2,0.97802,2.68435
27090,2024,2024-10-26 14:15:00,Rayo Vallecano,Alaves,145,158,1,0,2.89009,0.871439
27087,2024,2024-10-26 16:30:00,Las Palmas,Girona,144,223,1,0,1.24451,1.04715
27085,2024,2024-10-26 19:00:00,Real Madrid,Barcelona,150,148,0,4,1.40359,2.51566
27086,2024,2024-10-27 13:00:00,Leganes,Celta Vigo,159,152,3,0,1.54881,0.767239
27082,2024,2024-10-27 15:15:00,Getafe,Valencia,142,146,1,1,2.97825,0.63831
27084,2024,2024-10-27 17:30:00,Real Betis,Atletico Madrid,153,143,1,0,2.20384,0.555217
27088,2024,2024-10-27 20:00:00,Real Sociedad,Osasuna,140,157,0,2,1.6767,1.06487
27083,2024,2024-10-28 20:00:00,Mallorca,Athletic Club,239,147,0,0,0.542356,0.755466
27097,2024,2024-11-01 20:00:00,Alaves,Mallorca,158,239,1,0,1.43582,0.708287
27096,2024,2024-11-02 13:00:00,Osasuna,Real Valladolid,157,231,1,0,3.21695,0.204092
27095,2024,2024-11-02 15:15:00,Girona,Leganes,223,159,4,3,1.81274,0.320545
27093,2024,2024-11-03 13:00:00,Atletico Madrid,Las Palmas,143,144,2,0,1.73469,0.0329044
27101,2024,2024-11-03 15:15:00,Barcelona,Espanyol,148,141,3,1,1.94398,0.787359
27100,2024,2024-11-03 17:30:00,Sevilla,Real Sociedad,138,140,0,2,0.629505,1.21835
27092,2024,2024-11-03 20:00:00,Athletic Club,Real Betis,147,153,1,1,4.2033,1.54499
27094,2024,2024-11-04 20:00:00,Celta Vigo,Getafe,152,142,1,0,2.12477,0.424746
27110,2024,2024-11-08 20:00:00,Rayo Vallecano,Las Palmas,145,144,1,3,2.63982,1.25211
27109,2024,2024-11-09 13:00:00,Real Madrid,Osasuna,150,157,4,0,3.27315,0.0678926
27111,2024,2024-11-09 15:15:00,Villarreal,Alaves,154,158,3,0,1.44293,0.608571
27105,2024,2024-11-09 21:00:00,Leganes,Sevilla,159,138,1,0,1.09319,0.539924
27103,2024,2024-11-10 13:00:00,Real Betis,Celta Vigo,153,152,2,2,1.65065,0.941675
27107,2024,2024-11-10 15:15:00,Mallorca,Atletico Madrid,239,143,0,1,0.735147,0.93863
27104,2024,2024-11-10 17:30:00,Getafe,Girona,142,223,0,1,0.220796,0.521025
27106,2024,2024-11-10 17:30:00,Real Valladolid,Athletic Club,231,147,1,1,0.887674,1.487
27108,2024,2024-11-10 20:00:00,Real Sociedad,Barcelona,140,148,1,0,1.88518,0.514102
27113,2024,2024-11-22 20:00:00,Getafe,Real Valladolid,142,231,2,0,0.658487,0.729169
27118,2024,2024-11-23 13:00:00,Valencia,Real Betis,146,153,4,2,1.67338,1.05242
27120,2024,2024-11-23 15:15:00,Atletico Madrid,Alaves,143,158,2,1,2.05318,0.785902
27115,2024,2024-11-23 17:30:00,Las Palmas,Mallorca,144,239,2,3,1.15972,1.45816
27121,2024,2024-11-23 17:30:00,Girona,Espanyol,223,141,4,1,3.28521,0.488285
27117,2024,2024-11-23 20:00:00,Celta Vigo,Barcelona,152,148,2,2,2.75981,1.93782
27114,2024,2024-11-24 13:00:00,Osasuna,Villarreal,157,154,2,2,1.3273,2.68193
27119,2024,2024-11-24 15:15:00,Sevilla,Rayo Vallecano,138,145,1,0,1.57063,0.862262
27116,2024,2024-11-24 17:30:00,Leganes,Real Madrid,159,150,0,3,0.108948,2.73014
27112,2024,2024-11-24 20:00:00,Athletic Club,Real Sociedad,147,140,1,0,1.65075,0.799084
27123,2024,2024-11-29 20:00:00,Mallorca,Valencia,239,146,2,1,0.721435,1.33443
27122,2024,2024-11-30 13:00:00,Barcelona,Las Palmas,148,144,1,2,2.18354,0.599185
27124,2024,2024-11-30 15:15:00,Alaves,Leganes,158,159,1,1,1.28884,1.3688
27131,2024,2024-11-30 17:30:00,Espanyol,Celta Vigo,141,152,3,1,1.50136,1.55998
27126,2024,2024-11-30 20:00:00,Real Valladolid,Atletico Madrid,231,143,0,5,0.437294,3.40487
27128,2024,2024-12-01 13:00:00,Villarreal,Girona,154,223,2,2,1.96842,0.516301
27127,2024,2024-12-01 15:15:00,Real Madrid,Getafe,150,142,2,0,3.23626,0.34657
27125,2024,2024-12-01 17:30:00,Rayo Vallecano,Athletic Club,145,147,1,2,0.590024,0.556919
27130,2024,2024-12-01 20:00:00,Real Sociedad,Real Betis,140,153,2,0,0.818081,0.366137
27129,2024,2024-12-02 20:00:00,Sevilla,Osasuna,138,157,1,1,1.09081,1.04839
27167,2024,2024-12-03 18:00:00,Mallorca,Barcelona,239,148,1,5,0.921728,5.38074
27162,2024,2024-12-04 20:00:00,Athletic Club,Real Madrid,147,150,2,1,2.08134,1.97732
27136,2024,2024-12-06 20:00:00,Celta Vigo,Mallorca,152,239,2,0,1.19949,1.09038
27138,2024,2024-12-07 13:00:00,Las Palmas,Real Valladolid,144,231,2,1,1.27625,1.30835
27139,2024,2024-12-07 15:15:00,Real Betis,Barcelona,153,148,2,2,2.76257,1.54117
27140,2024,2024-12-07 17:30:00,Valencia,Rayo Vallecano,146,145,0,1,1.0002,1.02294
27137,2024,2024-12-07 20:00:00,Girona,Real Madrid,223,150,0,3,0.351337,1.16034
27133,2024,2024-12-08 13:00:00,Leganes,Real Sociedad,159,140,0,3,0.463722,1.74462
27134,2024,2024-12-08 15:15:00,Athletic Club,Villarreal,147,154,2,0,1.31484,0.796459
27141,2024,2024-12-08 17:30:00,Osasuna,Alaves,157,158,2,2,2.31345,1.50067
27135,2024,2024-12-08 20:00:00,Atletico Madrid,Sevilla,143,138,4,3,2.32183,0.635773
27132,2024,2024-12-09 20:00:00,Getafe,Espanyol,142,141,1,0,0.530268,1.17303
27147,2024,2024-12-13 20:00:00,Real Valladolid,Valencia,231,146,1,0,0.531831,0.657242
27150,2024,2024-12-14 13:00:00,Espanyol,Osasuna,141,157,0,0,0.298744,0.213917
27146,2024,2024-12-14 15:15:00,Mallorca,Girona,239,223,2,1,1.65091,0.939735
27145,2024,2024-12-14 17:30:00,Sevilla,Celta Vigo,138,152,1,0,0.487466,0.928845
27144,2024,2024-12-14 20:00:00,Rayo Vallecano,Real Madrid,145,150,3,3,1.60769,1.15429
27142,2024,2024-12-15 13:00:00,Atletico Madrid,Getafe,143,142,1,0,1.85376,0.238672
27149,2024,2024-12-15 15:15:00,Alaves,Athletic Club,158,147,1,1,0.803776,0.843706
27148,2024,2024-12-15 17:30:00,Villarreal,Real Betis,154,153,1,2,1.60957,1.6735
27151,2024,2024-12-15 17:30:00,Real Sociedad,Las Palmas,140,144,0,0,1.24562,0.840973
27143,2024,2024-12-15 20:00:00,Barcelona,Leganes,148,159,0,1,2.16597,0.77236
27098,2024,2024-12-18 20:30:00,Villarreal,Rayo Vallecano,154,145,1,1,2.52908,1.85712
27102,2024,2024-12-18 20:30:00,Espanyol,Valencia,141,146,1,1,1.87851,1.78128
27156,2024,2024-12-20 20:00:00,Girona,Real Valladolid,223,231,3,0,2.16439,0.0119855
27155,2024,2024-12-21 13:00:00,Getafe,Mallorca,142,239,0,1,0.735241,2.06274
27154,2024,2024-12-21 15:15:00,Celta Vigo,Real Sociedad,152,140,2,0,1.22165,0.314488
27159,2024,2024-12-21 17:30:00,Osasuna,Athletic Club,157,147,1,2,0.417557,1.18093
27160,2024,2024-12-21 20:00:00,Barcelona,Atletico Madrid,148,143,1,2,3.37424,0.710716
27161,2024,2024-12-22 13:00:00,Valencia,Alaves,146,158,2,2,1.34762,1.54294
27157,2024,2024-12-22 15:15:00,Real Madrid,Sevilla,150,138,4,2,2.90098,1.41183
27152,2024,2024-12-22 17:30:00,Las Palmas,Espanyol,144,141,1,0,0.956162,0.878983
27158,2024,2024-12-22 17:30:00,Leganes,Villarreal,159,154,2,5,1.47457,4.01011
27153,2024,2024-12-22 20:00:00,Real Betis,Rayo Vallecano,153,145,1,1,1.93031,0.878426
27099,2024,2025-01-03 20:00:00,Valencia,Real Madrid,146,150,1,2,1.35313,2.69157
27169,2024,2025-01-10 20:00:00,Rayo Vallecano,Celta Vigo,145,152,2,1,1.00439,3.25801
27166,2024,2025-01-11 13:00:00,Alaves,Girona,158,223,0,1,1.72201,0.625652
27168,2024,2025-01-11 15:15:00,Real Valladolid,Real Betis,231,153,1,0,1.62446,1.03813
27171,2024,2025-01-11 17:30:00,Espanyol,Leganes,141,159,1,1,1.05544,1.92496
27165,2024,2025-01-11 20:00:00,Sevilla,Valencia,138,146,1,1,0.734356,1.08107
27170,2024,2025-01-12 13:00:00,Las Palmas,Getafe,144,142,1,2,1.62636,1.39575
27163,2024,2025-01-12 15:15:00,Atletico Madrid,Osasuna,143,157,1,0,2.28719,0.391974
27164,2024,2025-01-13 20:00:00,Real Sociedad,Villarreal,140,154,1,0,0.805968,1.22527
27172,2024,2025-01-17 20:00:00,Espanyol,Real Valladolid,141,231,2,1,1.28839,1.72021
27173,2024,2025-01-18 13:00:00,Girona,Sevilla,223,138,1,2,1.14329,3.09224
27176,2024,2025-01-18 15:15:00,Leganes,Atletico Madrid,159,143,1,0,0.770342,3.0563
27181,2024,2025-01-18 17:30:00,Real Betis,Alaves,153,158,1,3,0.501492,1.6539
27177,2024,2025-01-18 20:00:00,Getafe,Barcelona,142,148,1,1,1.16921,3.50383
27175,2024,2025-01-19 13:00:00,Celta Vigo,Athletic Club,152,147,1,2,0.40033,2.49675
27180,2024,2025-01-19 15:15:00,Real Madrid,Las Palmas,150,144,4,1,6.40549,1.06201
27174,2024,2025-01-19 17:30:00,Osasuna,Rayo Vallecano,157,145,1,1,0.660386,0.797534
27179,2024,2025-01-19 20:00:00,Valencia,Real Sociedad,146,140,1,0,1.77248,0.758224
27178,2024,2025-01-20 20:00:00,Villarreal,Mallorca,154,239,4,0,2.35437,0.390989
27185,2024,2025-01-24 20:00:00,Las Palmas,Osasuna,144,157,1,1,0.833212,2.53692
27187,2024,2025-01-25 13:00:00,Mallorca,Real Betis,239,153,0,1,0.789384,0.59491
27183,2024,2025-01-25 15:15:00,Atletico Madrid,Villarreal,143,154,1,1,1.72274,1.78456
27191,2024,2025-01-25 17:30:00,Sevilla,Espanyol,138,141,1,1,1.15013,1.27943
27190,2024,2025-01-25 20:00:00,Real Valladolid,Real Madrid,231,150,0,3,0.234653,2.45677
27189,2024,2025-01-26 13:00:00,Rayo Vallecano,Girona,145,223,2,1,3.01055,1.56182
27188,2024,2025-01-26 15:15:00,Real Sociedad,Getafe,140,142,0,3,1.26074,2.01027
27182,2024,2025-01-26 17:30:00,Athletic Club,Leganes,147,159,0,0,2.27277,1.57401
27184,2024,2025-01-26 20:00:00,Barcelona,Valencia,148,146,7,1,4.35875,1.30328
27186,2024,2025-01-27 20:00:00,Alaves,Celta Vigo,158,152,1,1,0.891741,0.155093
27197,2024,2025-01-31 20:00:00,Leganes,Rayo Vallecano,159,145,0,1,1.00009,2.39088
27193,2024,2025-02-01 13:00:00,Getafe,Sevilla,142,138,0,0,0.922731,0.871043
27196,2024,2025-02-01 15:15:00,Villarreal,Real Valladolid,154,231,5,1,3.89354,0.747261
27192,2024,2025-02-01 17:30:00,Atletico Madrid,Mallorca,143,239,2,0,1.59869,0.421783
27201,2024,2025-02-01 20:00:00,Espanyol,Real Madrid,141,150,1,0,0.52719,1.52796
27200,2024,2025-02-02 13:00:00,Barcelona,Alaves,148,158,1,0,1.18526,0.126278
27199,2024,2025-02-02 15:15:00,Valencia,Celta Vigo,146,152,2,1,1.93065,0.51501
27195,2024,2025-02-02 17:30:00,Osasuna,Real Sociedad,157,140,2,1,1.11088,2.35115
27198,2024,2025-02-02 20:00:00,Real Betis,Athletic Club,153,147,2,2,1.31717,1.75905
27194,2024,2025-02-03 20:00:00,Girona,Las Palmas,223,144,2,1,2.19186,1.31791
27211,2024,2025-02-07 20:00:00,Rayo Vallecano,Real Valladolid,145,231,1,0,2.87261,0.610157
27207,2024,2025-02-08 13:00:00,Celta Vigo,Real Betis,152,153,3,2,1.75134,1.51159
27209,2024,2025-02-08 15:15:00,Athletic Club,Girona,147,223,3,0,3.81937,0.0558089
27203,2024,2025-02-08 17:30:00,Las Palmas,Villarreal,144,154,1,2,1.90619,1.26021
27205,2024,2025-02-08 20:00:00,Real Madrid,Atletico Madrid,150,143,1,1,2.55575,1.62463
27204,2024,2025-02-09 13:00:00,Alaves,Getafe,158,142,0,1,1.25855,0.825065
27208,2024,2025-02-09 15:15:00,Valencia,Leganes,146,159,2,0,2.03187,0.417562
27202,2024,2025-02-09 17:30:00,Real Sociedad,Espanyol,140,141,2,1,1.67839,0.872507
27206,2024,2025-02-09 20:00:00,Sevilla,Barcelona,138,148,1,4,0.921429,1.93199
27210,2024,2025-02-10 20:00:00,Mallorca,Osasuna,239,157,1,1,1.17321,1.81967
27213,2024,2025-02-14 20:00:00,Girona,Getafe,223,142,1,2,1.287,0.95535
27219,2024,2025-02-15 13:00:00,Leganes,Alaves,159,158,3,3,1.76328,1.4212
27220,2024,2025-02-15 15:15:00,Osasuna,Real Madrid,157,150,1,1,1.64382,2.73344
27212,2024,2025-02-15 17:30:00,Atletico Madrid,Celta Vigo,143,152,1,1,0.689105,1.45388
27216,2024,2025-02-15 20:00:00,Villarreal,Valencia,154,146,1,1,1.04228,0.740954
27221,2024,2025-02-16 13:00:00,Espanyol,Athletic Club,141,147,1,1,1.19577,0.896815
27215,2024,2025-02-16 15:15:00,Real Valladolid,Sevilla,231,138,0,4,0.532481,1.4827
27217,2024,2025-02-16 17:30:00,Mallorca,Las Palmas,239,144,3,1,2.33414,1.04401
27218,2024,2025-02-16 20:00:00,Real Betis,Real Sociedad,153,140,3,0,2.49445,0.20529
27214,2024,2025-02-17 20:00:00,Barcelona,Rayo Vallecano,148,145,1,0,2.82775,1.30941
27223,2024,2025-02-21 20:00:00,Celta Vigo,Osasuna,152,157,1,0,2.31891,0.838476
27231,2024,2025-02-22 13:00:00,Alaves,Espanyol,158,141,0,1,1.54627,0.495881
27224,2024,2025-02-22 15:15:00,Rayo Vallecano,Villarreal,145,154,0,1,0.514336,0.79404
27225,2024,2025-02-22 17:30:00,Valencia,Atletico Madrid,146,143,0,3,1.35435,2.31785
27226,2024,2025-02-22 20:00:00,Las Palmas,Barcelona,144,148,0,2,0.431009,1.66486
27222,2024,2025-02-23 13:00:00,Athletic Club,Real Valladolid,147,231,7,1,5.3162,0.598765
27228,2024,2025-02-23 15:15:00,Real Madrid,Girona,150,223,2,0,2.36313,0.325619
27227,2024,2025-02-23 17:30:00,Getafe,Real Betis,142,153,1,2,0.86267,2.34571
27230,2024,2025-02-23 20:00:00,Real Sociedad,Leganes,140,159,3,0,1.0679,0.256673
27229,2024,2025-02-24 20:00:00,Sevilla,Mallorca,138,239,1,1,1.5822,1.64957
27239,2024,2025-02-28 20:00:00,Real Valladolid,Las Palmas,231,144,1,1,2.17386,0.163235
27237,2024,2025-03-01 13:00:00,Girona,Celta Vigo,223,152,2,2,0.89503,1.64758
27235,2024,2025-03-01 15:15:00,Rayo Vallecano,Sevilla,145,138,1,1,2.59009,0.807803
27233,2024,2025-03-01 17:30:00,Real Betis,Real Madrid,153,150,2,1,2.23957,1.05072
27236,2024,2025-03-01 20:00:00,Atletico Madrid,Athletic Club,143,147,1,0,2.01612,1.54329
27238,2024,2025-03-02 13:00:00,Leganes,Getafe,159,142,1,0,0.554524,0.585024
27232,2024,2025-03-02 15:15:00,Barcelona,Real Sociedad,148,140,4,0,3.63697,0
27240,2024,2025-03-02 17:30:00,Mallorca,Alaves,239,158,1,1,1.83195,1.63763
27234,2024,2025-03-02 20:00:00,Osasuna,Valencia,157,146,3,3,1.26777,1.54983
27246,2024,2025-03-08 13:00:00,Celta Vigo,Leganes,152,159,2,1,1.07104,0.99815
27249,2024,2025-03-08 15:15:00,Alaves,Villarreal,158,154,1,0,1.21479,2.63287
27248,2024,2025-03-08 17:30:00,Valencia,Real Valladolid,146,231,2,1,2.37105,0.645621
27250,2024,2025-03-09 13:00:00,Getafe,Atletico Madrid,142,143,2,1,1.39814,1.02142
27251,2024,2025-03-09 15:15:00,Real Madrid,Rayo Vallecano,150,145,2,1,1.59439,1.21003
27243,2024,2025-03-09 17:30:00,Athletic Club,Mallorca,147,239,1,1,0.938663,1.02509
27245,2024,2025-03-09 17:30:00,Real Betis,Las Palmas,153,144,1,0,2.31412,0.426529
27247,2024,2025-03-09 20:00:00,Real Sociedad,Sevilla,140,138,0,1,0.803868,1.01162
27242,2024,2025-03-10 20:00:00,Espanyol,Girona,141,223,1,1,0.325296,1.58787
27260,2024,2025-03-14 20:00:00,Las Palmas,Alaves,144,158,2,2,1.94387,1.49888
27257,2024,2025-03-15 13:00:00,Real Valladolid,Celta Vigo,231,152,0,1,0.839415,1.81654
27261,2024,2025-03-15 15:15:00,Mallorca,Espanyol,239,141,2,1,2.57036,0.184342
27259,2024,2025-03-15 17:30:00,Villarreal,Real Madrid,154,150,1,2,2.00539,1.10001
27253,2024,2025-03-15 20:00:00,Girona,Valencia,223,146,1,1,1.17978,1.21975
27256,2024,2025-03-16 13:00:00,Leganes,Real Betis,159,153,2,3,1.57329,2.92809
27255,2024,2025-03-16 15:15:00,Sevilla,Athletic Club,138,147,0,1,0.459323,1.64488
27254,2024,2025-03-16 17:30:00,Rayo Vallecano,Real Sociedad,145,140,2,2,0.536859,0.905535
27258,2024,2025-03-16 17:30:00,Osasuna,Getafe,157,142,1,2,2.08486,0.900928
27252,2024,2025-03-16 20:00:00,Atletico Madrid,Barcelona,143,148,2,4,1.09435,2.16215
27244,2024,2025-03-27 20:00:00,Barcelona,Osasuna,148,157,3,0,4.63707,0.53356
27265,2024,2025-03-29 13:00:00,Real Sociedad,Real Valladolid,140,231,2,1,1.32811,1.29525
27262,2024,2025-03-29 15:15:00,Espanyol,Atletico Madrid,141,143,1,1,0.985043,0.994468
27266,2024,2025-03-29 17:30:00,Alaves,Rayo Vallecano,158,145,0,2,1.60064,0.681703
27268,2024,2025-03-29 20:00:00,Real Madrid,Leganes,150,159,3,2,3.59257,2.38359
27264,2024,2025-03-30 13:00:00,Getafe,Villarreal,142,154,1,2,0.940085,1.38471
27270,2024,2025-03-30 15:15:00,Barcelona,Girona,148,223,4,1,2.75333,0.490847
27267,2024,2025-03-30 17:30:00,Valencia,Mallorca,146,239,1,0,0.731544,0.657805
27269,2024,2025-03-30 17:30:00,Athletic Club,Osasuna,147,157,0,0,0.759463,0.564979
27271,2024,2025-03-30 20:00:00,Real Betis,Sevilla,153,138,2,1,0.894203,0.867589
27263,2024,2025-03-31 20:00:00,Celta Vigo,Las Palmas,152,144,1,1,1.07663,0.52734
27281,2024,2025-04-04 19:00:00,Rayo Vallecano,Espanyol,145,141,0,4,0.501253,3.48741
27280,2024,2025-04-05 12:00:00,Girona,Alaves,223,158,0,1,1.73306,0.805674
27273,2024,2025-04-05 14:15:00,Real Madrid,Valencia,150,146,1,2,3.36121,1.08997
27278,2024,2025-04-05 16:30:00,Mallorca,Celta Vigo,239,152,1,2,0.670008,1.12056
27272,2024,2025-04-05 19:00:00,Barcelona,Real Betis,148,153,1,1,1.46844,0.249939
27274,2024,2025-04-06 12:00:00,Las Palmas,Real Sociedad,144,140,1,3,1.75387,2.81501
27277,2024,2025-04-06 14:15:00,Sevilla,Atletico Madrid,138,143,1,2,0.818692,1.23653
27279,2024,2025-04-06 16:30:00,Real Valladolid,Getafe,231,142,0,4,0.300994,2.80288
27276,2024,2025-04-06 19:00:00,Villarreal,Athletic Club,154,147,0,0,1.59491,0.998653
27275,2024,2025-04-07 19:00:00,Leganes,Osasuna,159,157,1,1,2.22334,2.07408
27291,2024,2025-04-11 19:00:00,Valencia,Sevilla,146,138,1,0,1.42634,0.910522
27290,2024,2025-04-12 12:00:00,Real Sociedad,Mallorca,140,239,0,2,0.616782,0.801126
27286,2024,2025-04-12 14:15:00,Getafe,Las Palmas,142,144,1,3,1.61783,1.54225
27282,2024,2025-04-12 16:30:00,Celta Vigo,Espanyol,152,141,0,2,0.824366,0.780846
27288,2024,2025-04-12 19:00:00,Leganes,Barcelona,159,148,0,1,0.5988,1.10105
27289,2024,2025-04-13 12:00:00,Osasuna,Girona,157,223,2,1,1.68846,0.57428
27287,2024,2025-04-13 14:15:00,Alaves,Real Madrid,158,150,0,1,0.607781,1.26541
27285,2024,2025-04-13 16:30:00,Real Betis,Villarreal,153,154,1,2,2.04046,1.32607
27283,2024,2025-04-13 19:00:00,Athletic Club,Rayo Vallecano,147,145,3,1,1.97654,1.81883
27284,2024,2025-04-14 19:00:00,Atletico Madrid,Real Valladolid,143,231,4,2,4.06291,1.38016
27301,2024,2025-04-18 19:00:00,Espanyol,Getafe,141,142,1,0,0.367268,0.736613
27293,2024,2025-04-19 12:00:00,Rayo Vallecano,Valencia,145,146,1,1,0.722317,2.06284
27292,2024,2025-04-19 14:15:00,Barcelona,Celta Vigo,148,152,4,3,2.56587,2.50499
27300,2024,2025-04-19 16:30:00,Mallorca,Leganes,239,159,0,0,1.06921,0.951824
27295,2024,2025-04-19 19:00:00,Las Palmas,Atletico Madrid,144,143,1,0,0.768437,0.757145
27297,2024,2025-04-20 12:00:00,Real Valladolid,Osasuna,231,157,2,3,1.45455,2.36202
27298,2024,2025-04-20 14:15:00,Villarreal,Real Sociedad,154,140,2,2,2.14498,2.29777
27299,2024,2025-04-20 16:30:00,Sevilla,Alaves,138,158,1,1,1.89613,1.30312
27294,2024,2025-04-20 19:00:00,Real Madrid,Athletic Club,150,147,1,0,2.40667,0.132511
27296,2024,2025-04-21 19:00:00,Girona,Real Betis,223,153,1,3,1.10326,2.28252
27302,2024,2025-04-22 19:00:00,Valencia,Espanyol,146,141,1,1,1.07897,0.344156
27305,2024,2025-04-22 19:30:00,Barcelona,Mallorca,148,239,1,0,3.43457,0.326579
27303,2024,2025-04-23 17:00:00,Athletic Club,Las Palmas,147,144,1,0,2.63805,1.01774
27307,2024,2025-04-23 17:00:00,Celta Vigo,Villarreal,152,154,3,0,3.19678,0.5946
27308,2024,2025-04-23 19:30:00,Getafe,Real Madrid,142,150,0,1,2.53565,1.74803
27310,2024,2025-04-23 19:30:00,Alaves,Real Sociedad,158,140,1,0,0.815479,0.472083
27309,2024,2025-04-24 17:00:00,Osasuna,Sevilla,157,138,1,0,0.373711,0.934425
27311,2024,2025-04-24 17:00:00,Leganes,Girona,159,223,1,1,0.330809,0.764098
27304,2024,2025-04-24 19:30:00,Atletico Madrid,Rayo Vallecano,143,145,3,0,3.34529,1.13186
27306,2024,2025-04-24 19:30:00,Real Betis,Real Valladolid,153,231,5,1,2.26702,0.839722
27241,2024,2025-04-27 14:15:00,Villarreal,Espanyol,154,141,1,0,1.35413,1.53522
27318,2024,2025-05-02 19:00:00,Rayo Vallecano,Getafe,145,142,1,0,1.2162,0.8041
27314,2024,2025-05-03 12:00:00,Alaves,Atletico Madrid,158,143,0,0,0.908148,0.391409
27319,2024,2025-05-03 14:15:00,Villarreal,Osasuna,154,157,4,2,2.30041,1.41412
27313,2024,2025-05-03 16:30:00,Las Palmas,Valencia,144,146,2,3,1.80995,1.6731
27316,2024,2025-05-03 19:00:00,Real Valladolid,Barcelona,231,148,1,2,0.745612,2.21168
27317,2024,2025-05-04 12:00:00,Real Madrid,Celta Vigo,150,152,3,2,3.07408,2.13071
27320,2024,2025-05-04 14:15:00,Sevilla,Leganes,138,159,2,2,2.33742,0.804853
27321,2024,2025-05-04 16:30:00,Espanyol,Real Betis,141,153,1,2,0.873167,1.05631
27315,2024,2025-05-04 19:00:00,Real Sociedad,Athletic Club,140,147,0,0,0.893155,0.232928
27312,2024,2025-05-05 19:00:00,Girona,Mallorca,223,239,1,0,1.77813,0.488126
27329,2024,2025-05-09 19:00:00,Las Palmas,Rayo Vallecano,144,145,0,1,0.721442,1.00781
27330,2024,2025-05-10 12:00:00,Valencia,Getafe,146,142,3,0,2.97396,0.590071
27326,2024,2025-05-10 14:15:00,Celta Vigo,Sevilla,152,138,3,2,0.959531,2.61391
27327,2024,2025-05-10 16:30:00,Girona,Villarreal,223,154,0,1,0.280235,2.28245
27328,2024,2025-05-10 16:30:00,Mallorca,Real Valladolid,239,231,2,1,1.75638,2.76393
27323,2024,2025-05-10 19:00:00,Atletico Madrid,Real Sociedad,143,140,4,0,1.71528,0.298675
27322,2024,2025-05-11 12:00:00,Leganes,Espanyol,159,141,3,2,2.05779,1.57739
27324,2024,2025-05-11 14:15:00,Barcelona,Real Madrid,148,150,4,3,4.10632,2.5616
27331,2024,2025-05-11 16:30:00,Athletic Club,Alaves,147,158,1,0,1.35049,0.642793
27325,2024,2025-05-11 19:00:00,Real Betis,Osasuna,153,157,1,1,0.359348,2.2272
27338,2024,2025-05-13 17:00:00,Real Valladolid,Girona,231,223,0,1,1.30694,1.56752
27337,2024,2025-05-13 18:00:00,Real Sociedad,Celta Vigo,140,152,0,1,3.31324,1.29945
27340,2024,2025-05-13 19:30:00,Sevilla,Las Palmas,138,144,1,0,0.93125,0.399067
27333,2024,2025-05-14 17:00:00,Alaves,Valencia,158,146,1,0,2.06262,0.584778
27341,2024,2025-05-14 17:00:00,Villarreal,Leganes,154,159,3,0,2.28885,1.19032
27339,2024,2025-05-14 19:30:00,Real Madrid,Mallorca,150,239,2,1,3.46174,0.475193
27335,2024,2025-05-15 17:00:00,Osasuna,Atletico Madrid,157,143,2,0,1.07473,1.34093
27336,2024,2025-05-15 17:00:00,Rayo Vallecano,Real Betis,145,153,2,2,1.30199,1.17134
27332,2024,2025-05-15 19:30:00,Espanyol,Barcelona,141,148,0,2,1.51531,0.735877
27334,2024,2025-05-15 19:30:00,Getafe,Athletic Club,142,147,0,2,0.73382,1.33336
27342,2024,2025-05-18 17:00:00,Atletico Madrid,Real Betis,143,153,4,1,4.94276,0.821908
27343,2024,2025-05-18 17:00:00,Barcelona,Villarreal,148,154,2,3,1.569,1.96183
27344,2024,2025-05-18 17:00:00,Celta Vigo,Rayo Vallecano,152,145,1,2,2.4242,0.906857
27345,2024,2025-05-18 17:00:00,Valencia,Athletic Club,146,147,0,1,0.388682,1.16214
27346,2024,2025-05-18 17:00:00,Mallorca,Getafe,239,142,1,2,0.809089,1.55977
27347,2024,2025-05-18 17:00:00,Real Sociedad,Girona,140,223,3,2,1.87253,1.64512
27348,2024,2025-05-18 17:00:00,Sevilla,Real Madrid,138,150,0,2,0.484891,1.95992
27349,2024,2025-05-18 17:00:00,Real Valladolid,Alaves,231,158,0,1,0.890453,1.22692
27350,2024,2025-05-18 17:00:00,Las Palmas,Leganes,144,159,0,1,0.513718,1.06274
27351,2024,2025-05-18 17:00:00,Osasuna,Espanyol,157,141,2,0,1.92502,0.572332
27354,2024,2025-05-23 19:00:00,Real Betis,Valencia,153,146,1,1,1.15286,0.647724
27355,2024,2025-05-24 14:15:00,Real Madrid,Real Sociedad,150,140,2,0,2.61915,1.18496
27352,2024,2025-05-24 16:30:00,Espanyol,Las Palmas,141,144,2,0,1.72167,0.735505
27357,2024,2025-05-24 16:30:00,Leganes,Real Valladolid,159,231,3,0,1.74736,0.479375
27356,2024,2025-05-24 19:00:00,Alaves,Osasuna,158,157,1,1,1.57466,1.88098
27359,2024,2025-05-24 19:00:00,Getafe,Celta Vigo,142,152,1,2,0.35897,1.30818
27360,2024,2025-05-24 19:00:00,Rayo Vallecano,Mallorca,145,239,0,0,2.11982,0.747939
27358,2024,2025-05-25 12:00:00,Girona,Atletico Madrid,223,143,0,4,0.0503369,3.10637
27361,2024,2025-05-25 14:15:00,Villarreal,Sevilla,154,138,4,2,1.28805,1.64829
27353,2024,2025-05-25 19:00:00,Athletic Club,Barcelona,147,148,0,3,0.750806,3.36402
