injury_id,player_id,season,injury_type,date_from,date_until,days_absent,matches_missed
3,478,24/25,Rotura del tendón rotuliano,2024-09-23,2025-04-24,214.0,51.0
36,485,24/25,Problemas de rodilla,2025-05-16,2025-05-20,5.0,1.0
37,485,24/25,Esguince de tobillo,2025-02-10,2025-02-17,8.0,
38,485,24/25,Lesión en el muslo,2024-07-15,2024-12-08,147.0,29.0
50,700,24/25,Esguince,2024-10-20,2024-11-01,13.0,3.0
73,1482,24/25,Lesión en el gemelo,2025-02-13,2025-04-28,75.0,12.0
89,1727,24/25,Problemas musculares,2024-11-04,2024-11-10,7.0,1.0
90,1727,24/25,Lesión desconocida,2024-09-29,2024-10-14,16.0,1.0
96,1271,24/25,Lesión muscular,2025-05-30,2025-06-18,20.0,2.0
128,1485,24/25,Rotura del ligamento cruzado,2024-07-01,2025-03-01,244.0,47.0
140,599,24/25,Lesión en el muslo,2024-09-22,2024-09-27,6.0,1.0
146,1272,24/25,Enfermo,2024-10-30,2024-11-06,8.0,1.0
163,1729,24/25,Problemas en el muslo,2025-04-07,2025-04-15,9.0,1.0
164,1729,24/25,Lesión en el muslo,2025-01-15,2025-02-03,20.0,6.0
165,1729,24/25,Lesión en el muslo,2024-08-01,2024-09-14,45.0,9.0
175,503,24/25,Gastroenteritis gripal,2025-03-16,2025-03-18,3.0,1.0
176,503,24/25,Descanso,2024-11-18,2024-11-20,3.0,1.0
190,501,24/25,Gastroenteritis gripal,2025-01-25,2025-01-27,3.0,1.0
191,501,24/25,Extensión del ligamento interno de la rodilla,2024-07-06,2024-08-16,42.0,2.0
222,1489,24/25,Rotura del ligamento cruzado,2024-12-02,2026-01-01,396.0,46.0
227,1034,24/25,Distensión de muslo,2025-04-13,2025-06-30,79.0,6.0
228,1034,24/25,Lesión en el gemelo,2025-01-07,2025-03-11,64.0,10.0
229,1034,24/25,Problemas de rodilla,2024-10-28,2024-12-11,45.0,6.0
245,1491,24/25,Lesión en el muslo,2024-08-04,2024-09-14,42.0,7.0
246,1491,24/25,Falta de condición física,2024-07-09,2024-07-20,12.0,2.0
259,1730,24/25,Descanso,2025-02-17,2025-02-20,4.0,1.0
286,509,24/25,Enfermo,2025-03-01,2025-03-03,3.0,1.0
287,509,24/25,Lesión muscular,2024-11-13,2024-12-11,29.0,5.0
288,509,24/25,Lesión en el pie,2024-07-24,2024-09-16,55.0,5.0
298,1731,24/25,Lesión de rodilla,2025-02-28,2025-04-09,41.0,6.0
299,1731,24/25,Lesión desconocida,2025-01-29,2025-02-06,9.0,2.0
311,1732,24/25,Molestias en el aductor,2025-03-18,2025-03-27,10.0,2.0
312,1732,24/25,Lesión de ligamentos,2024-07-16,2024-09-12,59.0,10.0
337,1277,24/25,Golpe de muslo,2025-06-06,2025-06-29,24.0,5.0
338,1277,24/25,Lesión en el muslo,2025-04-30,2025-05-08,9.0,1.0
339,1277,24/25,Enfermo,2025-01-14,2025-01-19,6.0,2.0
340,1277,24/25,Lesión en el muslo,2024-11-11,2024-11-21,11.0,2.0
349,1294,24/25,Esguince de tobillo,2025-04-03,2025-04-07,5.0,1.0
350,1294,24/25,Lesión del aductor,2025-03-17,2025-04-01,16.0,1.0
363,125,24/25,Lesión de espalda,2025-06-01,2025-06-15,15.0,2.0
364,125,24/25,Lesión muscular,2025-03-19,2025-04-04,17.0,2.0
365,125,24/25,Problemas del tendón de Aquiles,2024-10-23,2024-11-23,32.0,5.0
366,125,24/25,Desgarro del aductor,2024-09-30,2024-10-18,19.0,4.0
377,126,24/25,Lesión de mano,2025-05-14,2025-05-17,4.0,1.0
378,126,24/25,Lesión muscular,2025-04-06,2025-04-17,12.0,3.0
379,126,24/25,Infección,2024-10-06,2024-10-16,11.0,2.0
387,1651,24/25,Problemas de rodilla,2024-08-11,2025-01-01,144.0,5.0
404,131,24/25,Rotura del ligamento cruzado,2024-11-09,2025-06-30,234.0,54.0
405,131,24/25,Lesión muscular,2024-10-08,2024-10-18,11.0,2.0
406,131,24/25,Problemas musculares,2024-09-06,2024-09-13,8.0,2.0
445,140,24/25,Lesión muscular,2025-04-29,2025-07-13,76.0,11.0
446,140,24/25,Lesión muscular,2025-03-13,2025-04-24,43.0,9.0
447,140,24/25,Lesión de pierna,2024-12-08,2024-12-18,11.0,2.0
448,140,24/25,Sobrecarga,2024-09-02,2024-09-13,12.0,
456,1363,24/25,Lesión muscular,2024-08-08,2024-08-31,24.0,5.0
457,1363,24/25,Problemas en el muslo,2024-07-25,2024-07-31,7.0,1.0
458,1363,24/25,Problemas en el muslo,2024-07-01,2024-07-23,23.0,4.0
473,415,24/25,Lesión en el tobillo,2025-05-04,2025-07-09,67.0,5.0
474,415,24/25,Lesión en el tobillo,2025-01-11,2025-01-30,20.0,4.0
478,143,24/25,Falta de condición física,2025-06-01,2025-06-29,29.0,5.0
479,143,24/25,Rotura del ligamento cruzado,2024-10-06,2025-05-31,238.0,56.0
495,144,24/25,Lesión muscular,2025-05-12,2025-05-16,5.0,1.0
496,144,24/25,Lesión en el muslo,2025-02-09,2025-02-18,10.0,2.0
497,144,24/25,Lesión del aductor,2024-11-09,2024-11-25,17.0,1.0
507,102,24/25,Lesión muscular,2025-03-29,2025-04-29,32.0,5.0
508,102,24/25,Lesión de tobillo,2024-08-16,2024-09-02,18.0,4.0
534,150,24/25,Lumbalgia,2025-05-25,2025-06-15,22.0,2.0
535,150,24/25,Problemas musculares,2025-02-25,2025-03-02,6.0,2.0
584,1652,24/25,Enfermo,2025-01-24,2025-01-28,5.0,1.0
585,1652,24/25,Esguince de la articulación del tobillo,2024-09-09,2024-11-04,57.0,14.0
610,195,24/25,Fractura de peroné,2024-09-06,2024-12-06,92.0,23.0
638,157,24/25,Esguince de tobillo,2025-05-12,2025-05-23,12.0,2.0
639,157,24/25,Lesión muscular,2024-11-25,2024-12-08,14.0,4.0
640,157,24/25,Lesión en la columna cervical,2024-10-06,2024-10-16,11.0,1.0
650,160,24/25,Fiebre,2025-05-03,2025-05-05,3.0,1.0
651,160,24/25,Lesión muscular,2024-11-09,2024-11-29,21.0,4.0
652,160,24/25,Lesión en el muslo,2024-10-22,2024-11-04,14.0,1.0
663,1133,24/25,Lesión desconocida,2025-05-11,2025-05-22,12.0,2.0
664,1133,24/25,Endurecimiento muscular,2024-10-29,2024-11-26,29.0,3.0
677,1366,24/25,Operación de ingle,2024-11-26,2025-02-26,93.0,17.0
678,1366,24/25,Pubalgia,2024-10-02,2024-11-25,55.0,10.0
679,1366,24/25,Lumbalgia,2024-08-28,2024-09-04,8.0,1.0
710,351,24/25,Lesión en el gemelo,2025-02-22,2025-03-22,29.0,3.0
711,351,24/25,Lesión de cadera,2024-10-29,2024-11-19,22.0,
712,351,24/25,Lesión muscular,2024-09-06,2024-09-25,20.0,2.0
726,699,24/25,Lesión en el muslo,2025-06-21,2025-10-13,115.0,14.0
727,699,24/25,Lesión muscular,2024-12-21,2025-01-20,31.0,4.0
743,1071,24/25,Lesión en el tórax,2025-03-11,2025-06-30,112.0,10.0
744,1071,24/25,Gastroenteritis gripal,2025-02-15,2025-02-18,4.0,1.0
745,1071,24/25,Problemas musculares,2024-11-01,2024-12-05,35.0,6.0
756,1073,24/25,Lesión muscular,2025-05-14,2025-05-28,15.0,2.0
757,1073,24/25,Lesión muscular,2025-04-30,2025-05-12,13.0,2.0
758,1073,24/25,Contusión,2025-03-03,2025-03-30,28.0,5.0
759,1073,24/25,Falta de condición física,2025-01-09,2025-01-13,5.0,1.0
760,1073,24/25,Desgarro muscular,2024-09-19,2025-01-09,113.0,18.0
761,1073,24/25,Problemas musculares,2024-09-01,2024-09-11,11.0,3.0
762,1073,24/25,Tirón muscular,2024-08-11,2024-08-18,8.0,1.0
778,1310,24/25,Malestar abdominal,2025-05-20,2025-05-23,4.0,1.0
779,1310,24/25,Lesión desconocida,2025-02-23,2025-03-09,15.0,4.0
780,1310,24/25,Lesión desconocida,2025-01-27,2025-02-21,26.0,5.0
793,706,24/25,Lesión en el muslo,2024-10-03,2024-11-03,32.0,7.0
805,1559,24/25,Lesión en el muslo,2024-10-14,2024-11-25,43.0,5.0
834,1774,24/25,Lesión muscular,2024-11-28,2024-12-03,6.0,1.0
847,1775,24/25,Gripe,2025-06-05,2025-06-07,3.0,1.0
848,1775,24/25,Descanso,2025-05-23,2025-05-31,9.0,2.0
865,1316,24/25,Lesión muscular,2025-05-10,2025-06-02,24.0,2.0
866,1316,24/25,Lesión en el gemelo,2025-01-03,2025-02-07,36.0,6.0
877,714,24/25,Lesión muscular,2025-02-16,2025-04-01,45.0,8.0
894,378,24/25,Lesión de cadera,2024-09-25,2024-11-20,57.0,7.0
903,1562,24/25,Lesión muscular,2024-09-16,2024-10-16,31.0,5.0
915,717,24/25,Lesión muscular,2024-10-28,2024-12-09,43.0,8.0
916,717,24/25,Lesión muscular,2024-08-17,2024-09-27,42.0,8.0
928,1078,24/25,Lesión muscular,2024-12-01,2025-03-28,118.0,14.0
929,1078,24/25,Lesión desconocida,2024-10-18,2024-11-23,37.0,5.0
930,1078,24/25,Lesión desconocida,2024-09-09,2024-09-17,9.0,1.0
960,723,24/25,Rotura del ligamento cruzado,2024-12-01,2025-07-01,213.0,24.0
963,1038,24/25,Lesión desconocida,2024-12-11,2024-12-18,8.0,2.0
984,1779,24/25,Rotura del tendón de Aquiles,2025-02-08,2025-10-13,248.0,20.0
1014,1780,24/25,Lesión inguinal,2024-08-19,2024-09-14,27.0,3.0
1032,907,24/25,Lesión muscular,2024-10-12,2024-10-19,8.0,2.0
1056,1416,24/25,Lesión desconocida,2025-05-09,2025-05-28,20.0,2.0
1057,1416,24/25,Falta de condición física,2025-03-25,2025-04-14,21.0,4.0
1058,1416,24/25,Lesión de ligamentos,2025-02-05,2025-03-25,49.0,10.0
1059,1416,24/25,Lesión en el pie,2025-01-03,2025-01-19,17.0,4.0
1060,1416,24/25,Lesión desconocida,2024-12-20,2024-12-22,3.0,1.0
1061,1416,24/25,Lesión desconocida,2024-08-30,2024-09-01,3.0,1.0
1092,911,24/25,Desgarro miofascial,2024-11-07,2024-12-06,30.0,6.0
1093,911,24/25,Tendinitis,2024-10-22,2024-10-28,7.0,2.0
1094,911,24/25,Distensión de muslo,2024-10-07,2024-10-17,11.0,2.0
1095,911,24/25,Lesión muscular,2024-08-07,2024-08-12,6.0,
1104,1106,24/25,Lesión de codo,2025-01-10,2025-04-28,109.0,17.0
1105,1106,24/25,Lesión de codo,2024-08-03,2024-09-30,59.0,7.0
1123,496,24/25,Lesión en el muslo,2025-04-30,2025-06-09,41.0,9.0
1131,374,24/25,Golpe de muslo,2025-02-26,2025-03-11,14.0,2.0
1139,913,24/25,Lesión de rodilla,2025-06-02,2025-08-15,75.0,9.0
1140,913,24/25,Lesión en el gemelo,2024-10-20,2024-11-20,32.0,4.0
1141,913,24/25,Lesión en el muslo,2024-07-14,2024-08-13,31.0,6.0
1155,574,24/25,Enfermedad viral,2024-08-21,2024-09-13,24.0,3.0
1198,386,24/25,Rotura de fibras en el aductor,2024-10-21,2024-11-20,31.0,4.0
1199,386,24/25,Problemas de ligamentos,2024-08-12,2024-09-19,39.0,5.0
1220,388,24/25,Lesión en el muslo,2024-12-13,2025-02-02,52.0,5.0
1227,429,24/25,Rotura del ligamento lateral externo,2025-03-11,2025-09-01,175.0,15.0
1228,429,24/25,Esguince de tobillo,2024-10-07,2024-10-28,22.0,5.0
1279,1423,24/25,Traumatismo craneal,2024-10-05,2024-10-08,4.0,
1306,1202,24/25,Lesión desconocida,2025-04-10,2025-04-17,8.0,1.0
1328,698,24/25,Traumatismo craneal,2024-10-01,2024-11-30,61.0,15.0
1336,173,24/25,Lesión en el muslo,2025-04-13,2025-06-30,79.0,11.0
1350,91,24/25,Lesión en el muslo,2025-04-06,2025-05-06,31.0,4.0
1351,91,24/25,Lesión en el muslo,2024-08-07,2024-08-27,21.0,2.0
1361,94,24/25,Lesión de tobillo,2024-08-25,2024-09-13,20.0,2.0
1377,1647,24/25,Golpe de muslo,2025-04-14,2025-05-12,29.0,4.0
1378,1647,24/25,Lesión en el gemelo,2025-02-10,2025-02-21,12.0,1.0
1379,1647,24/25,Lesión de rodilla,2024-09-06,2024-09-13,8.0,
1385,93,24/25,Pubis,2025-02-13,2025-04-07,54.0,12.0
1431,1124,24/25,Lesión de tobillo,2024-07-15,2024-07-25,11.0,2.0
1446,825,24/25,Lesión desconocida,2025-04-21,2025-04-28,8.0,1.0
1447,825,24/25,Traumatismo,2025-01-24,2025-01-28,5.0,1.0
1448,825,24/25,Lesión de rodilla,2024-11-28,2024-12-02,5.0,1.0
1449,825,24/25,Lesión de hombro,2024-08-30,2024-10-01,33.0,8.0
1499,115,24/25,Problemas musculares,2024-08-19,2024-08-31,13.0,2.0
1517,1359,24/25,Lesión en el pie,2024-08-25,2024-09-16,23.0,3.0
1520,437,24/25,Cirugía del tobillo,2024-10-05,2024-11-26,53.0,9.0
1526,33,24/25,Lesión desconocida,2025-01-25,2025-02-27,34.0,4.0
1527,33,24/25,Esguince de tobillo,2024-12-04,2024-12-14,11.0,1.0
1528,33,24/25,Lesión muscular,2024-10-29,2024-11-21,24.0,3.0
1529,33,24/25,Lesión muscular,2024-08-04,2024-09-20,48.0,5.0
1539,236,24/25,Lesión del aductor,2025-03-08,2025-05-16,70.0,10.0
1555,1127,24/25,Lesión inguinal,2025-02-25,2025-03-01,5.0,1.0
1556,1127,24/25,Lesión en el muslo,2025-01-11,2025-01-14,4.0,1.0
1557,1127,24/25,Fractura de dedo,2024-09-15,2024-10-18,34.0,5.0
1569,858,24/25,Cansancio muscular,2025-04-18,2025-04-23,6.0,1.0
1570,858,24/25,Lesión desconocida,2024-09-14,2024-09-24,11.0,3.0
1602,1168,24/25,Fractura metatarsiana,2024-12-31,2025-03-03,63.0,14.0
1609,282,24/25,Lesión de rodilla,2024-08-02,2024-12-18,139.0,24.0
1647,289,24/25,Cirugía del tobillo,2024-08-18,2025-02-15,182.0,25.0
1661,1171,24/25,Lesión muscular,2025-01-24,2025-02-22,30.0,4.0
1662,1171,24/25,Lesión de tobillo,2024-04-14,2024-08-31,140.0,15.0
1673,885,24/25,Cansancio muscular,2025-01-26,2025-02-18,24.0,3.0
1674,885,24/25,Problemas musculares,2025-01-13,2025-01-22,10.0,2.0
1675,885,24/25,Tirón muscular,2024-12-02,2024-12-25,24.0,3.0
1684,861,24/25,Fisura del peroné,2024-10-06,2025-02-06,124.0,18.0
1698,673,24/25,Lesión muscular,2024-08-19,2024-08-30,12.0,2.0
1710,256,24/25,Lesión muscular,2024-08-18,2024-08-27,10.0,1.0
1716,888,24/25,Lesión en el muslo,2025-03-30,2025-04-28,30.0,5.0
1717,888,24/25,Lesión en el gemelo,2025-03-03,2025-03-13,11.0,1.0
1718,888,24/25,Golpe de muslo,2025-02-13,2025-02-21,9.0,1.0
1758,1175,24/25,Rotura del ligamento cruzado,2024-05-09,2024-12-09,215.0,41.0
1773,302,24/25,Lesión en el gemelo,2025-04-12,2025-04-28,17.0,4.0
1774,302,24/25,Problemas musculares,2024-07-29,2024-07-31,3.0,1.0
1778,1178,24/25,Pubis,2025-05-15,2025-05-22,8.0,1.0
1779,1178,24/25,Lesión del músculo flexor de la pierna,2024-12-29,2025-01-24,27.0,6.0
1780,1178,24/25,Lesión del músculo flexor de la pierna,2024-10-11,2024-10-16,6.0,1.0
1801,311,24/25,Lesión en el gemelo,2025-02-04,2025-03-08,33.0,3.0
1802,311,24/25,Lesión en el muslo,2024-08-30,2024-11-15,78.0,10.0
1828,1439,24/25,Rotura del tendón de Aquiles,2025-06-08,2026-03-04,270.0,47.0
1840,2,24/25,Cirugía intestinal,2025-04-01,2025-07-01,92.0,4.0
1841,2,24/25,Lesión de rodilla,2024-09-29,2024-10-21,23.0,2.0
1857,897,24/25,Fractura de la mandíbula,2025-02-27,2025-04-11,44.0,6.0
1859,898,24/25,Lesión desconocida,2025-04-28,2025-05-02,5.0,
1860,898,24/25,Falta de condición física,2025-02-18,2025-03-02,13.0,3.0
1861,898,24/25,Desgarro del tendón,2024-11-28,2025-02-18,83.0,15.0
1862,898,24/25,Desgarro parcial del músculo,2024-10-06,2024-11-03,29.0,4.0
1885,1662,24/25,Lesión de rodilla,2024-08-26,2024-10-10,46.0,5.0
1888,1663,24/25,Lesión muscular,2024-10-20,2024-12-04,46.0,5.0
1901,1406,24/25,Lesión de rodilla,2025-05-12,2025-09-07,119.0,3.0
1917,325,24/25,Lesión desconocida,2024-12-08,2025-01-01,25.0,3.0
1932,223,24/25,Lesión en el muslo,2024-11-08,2024-12-15,38.0,6.0
1943,329,24/25,Rotura del ligamento cruzado,2024-10-27,2025-09-01,310.0,35.0
1968,1188,24/25,Gripe,2025-04-01,2025-04-04,4.0,1.0
1969,1188,24/25,Cansancio muscular,2024-12-13,2025-01-01,20.0,3.0
1974,1408,24/25,Herida menor,2024-07-25,2024-08-03,10.0,2.0
1985,1156,24/25,Lesión en el tobillo,2025-05-04,2025-05-08,5.0,
1986,1156,24/25,Lesión en el tobillo,2025-03-20,2025-04-06,18.0,4.0
1992,890,24/25,Lesión de rodilla,2025-02-21,2025-03-08,16.0,3.0
2015,1410,24/25,Desgarro en el muslo,2024-07-19,2024-08-05,18.0,
2062,1367,24/25,Lesión desconocida,2025-03-09,2025-04-12,35.0,3.0
2082,175,24/25,Tirón muscular,2024-08-25,2024-10-01,38.0,7.0
2134,850,24/25,Cansancio muscular,2024-12-09,2024-12-18,10.0,2.0
2139,1137,24/25,Lesión desconocida,2025-04-30,2025-07-30,92.0,5.0
2151,1484,24/25,Lesión en el gemelo,2025-01-22,2025-05-13,112.0,22.0
2152,1484,24/25,Lesión desconocida,2024-11-24,2024-11-28,5.0,
2153,1484,24/25,Falta de condición física,2024-08-16,2024-08-18,3.0,1.0
2171,187,24/25,Problemas del talón de Aquiles,2024-09-13,2025-03-13,182.0,36.0
2240,1375,24/25,Lesión muscular,2024-10-26,2024-11-12,18.0,2.0
2258,204,24/25,Lesión de tobillo,2025-01-15,2025-02-10,27.0,4.0
2259,204,24/25,Lesión muscular,2024-10-27,2024-11-15,20.0,4.0
2282,1145,24/25,Lesión desconocida,2024-12-22,2024-12-30,9.0,1.0
2286,1656,24/25,Cansancio muscular,2025-03-07,2025-03-18,12.0,2.0
2287,1656,24/25,Gripe,2024-10-23,2024-10-24,2.0,
2298,731,24/25,Lesión de muñeca,2024-07-18,2024-11-18,124.0,22.0
2316,488,24/25,Dolores musculares,2025-04-02,2025-04-07,6.0,1.0
2317,488,24/25,Irritación del menisco,2025-03-16,2025-03-25,10.0,
2318,488,24/25,Lesión en el muslo,2025-01-12,2025-01-31,20.0,5.0
2331,737,24/25,Lesión en el muslo,2024-09-12,2024-10-07,26.0,7.0
2346,736,24/25,Lesión en el muslo,2025-03-14,2025-03-24,11.0,1.0
2347,736,24/25,Lesión en el gemelo,2024-08-16,2024-08-30,15.0,2.0
2353,743,24/25,Lesión en el gemelo,2025-04-06,2025-04-18,13.0,3.0
2354,743,24/25,Problemas musculares,2024-09-20,2024-09-25,6.0,1.0
2395,746,24/25,Pubis,2024-08-12,2024-08-23,12.0,1.0
2419,1086,24/25,Lesión muscular,2025-03-03,2025-03-10,8.0,2.0
2420,1086,24/25,Lesión muscular,2024-12-10,2024-12-15,6.0,1.0
2421,1086,24/25,Lesión muscular,2024-07-10,2024-08-23,45.0,1.0
2437,747,24/25,Lesión en el muslo,2024-10-04,2024-10-21,18.0,2.0
2451,1325,24/25,Lesión del aductor,2024-12-10,2025-01-31,53.0,8.0
2456,749,24/25,Lesión muscular,2024-09-27,2024-10-05,9.0,2.0
2462,753,24/25,Lesión en el muslo,2025-02-25,2025-03-30,34.0,4.0
2463,753,24/25,Esguince de tobillo,2024-12-21,2025-01-25,36.0,5.0
2464,753,24/25,Lesión en el muslo,2024-10-07,2024-10-24,18.0,1.0
2465,753,24/25,Lesión en el muslo,2024-09-25,2024-10-01,7.0,2.0
2484,757,24/25,Lesión muscular,2024-11-13,2024-11-19,7.0,
2493,1089,24/25,Desgarro miofascial,2025-01-23,2025-03-05,42.0,8.0
2494,1089,24/25,Molestias en el aductor,2024-11-08,2024-11-12,5.0,1.0
2511,1741,24/25,Lesión en el muslo,2024-10-28,2024-11-28,32.0,5.0
2520,756,24/25,Lesión inguinal,2025-05-03,2025-05-19,17.0,5.0
2521,756,24/25,Lesión inguinal,2025-04-18,2025-04-21,4.0,1.0
2522,756,24/25,Enfermo,2025-02-26,2025-02-28,3.0,
2523,756,24/25,Lesión en el muslo,2025-01-31,2025-02-17,18.0,2.0
2524,756,24/25,Lesión de rodilla,2024-12-12,2024-12-14,3.0,
2525,756,24/25,Lesión de cadera,2024-10-04,2024-10-16,13.0,3.0
2526,756,24/25,Lesión de tobillo,2024-09-20,2024-09-25,6.0,1.0
2527,756,24/25,Lesión muscular,2024-08-25,2024-08-27,3.0,
2575,1442,24/25,Lesión muscular,2024-08-19,2024-11-04,78.0,12.0
2610,1447,24/25,Lesión en el gemelo,2025-01-24,2025-02-21,29.0,4.0
2611,1447,24/25,Molestias en los gemelos,2025-01-04,2025-01-13,10.0,1.0
2621,460,24/25,Problemas musculares,2025-04-15,2025-04-29,15.0,2.0
2622,460,24/25,Lesión desconocida,2024-12-22,2025-02-05,46.0,7.0
2624,983,24/25,Lesión desconocida,2025-02-10,2025-02-18,9.0,1.0
2655,984,24/25,Lesión en el dedo del pie,2024-11-19,2024-11-25,7.0,1.0
2656,984,24/25,Lesión desconocida,2024-08-31,2024-09-11,12.0,3.0
2663,1693,24/25,Fractura,2025-03-10,2025-03-30,21.0,5.0
2664,1693,24/25,Lesión de pierna,2024-10-04,2024-10-13,10.0,3.0
2665,1693,24/25,Lesión de pierna,2024-09-22,2024-09-24,3.0,1.0
2692,991,24/25,Rotura del ligamento cruzado,2025-01-08,2025-10-20,286.0,31.0
2714,1531,24/25,Lesión de tobillo,2024-08-04,2024-12-04,123.0,13.0
2753,594,24/25,Desgarro fibrilar,2024-09-05,2024-09-17,13.0,1.0
2761,1536,24/25,Lesión desconocida,2024-08-15,2024-09-05,22.0,3.0
2792,1299,24/25,Lesión en el pie,2025-02-27,2025-03-07,9.0,1.0
2793,1299,24/25,Lesión en el gemelo,2025-01-10,2025-02-07,29.0,4.0
2794,1299,24/25,Lesión desconocida,2024-12-20,2024-12-30,11.0,1.0
2795,1299,24/25,Conmoción,2024-09-23,2024-09-30,8.0,2.0
2812,639,24/25,Lesión del aductor,2024-11-10,2024-11-19,10.0,1.0
2813,639,24/25,Golpe,2024-10-02,2024-10-16,15.0,2.0
2828,1450,24/25,Falta de condición física,2025-02-06,2025-02-11,6.0,1.0
2829,1450,24/25,Lesión en el gemelo,2025-01-18,2025-02-06,20.0,3.0
2830,1450,24/25,Falta de condición física,2025-01-05,2025-01-09,5.0,1.0
2831,1450,24/25,Daño cartilaginoso,2024-11-19,2025-01-05,48.0,6.0
2856,110,24/25,Fractura metatarsiana,2025-03-14,2025-04-08,26.0,4.0
2862,301,24/25,Lesión muscular,2024-09-30,2024-11-01,33.0,4.0
2863,301,24/25,Lesión muscular,2024-08-14,2024-09-07,25.0,4.0
2877,1301,24/25,Lesión del ligamento cruzado,2024-10-22,2025-11-06,381.0,38.0
2901,611,24/25,Desgarro en el muslo,2025-01-10,2025-01-29,20.0,3.0
2903,1064,24/25,Lesión inguinal,2025-01-22,2025-03-14,52.0,7.0
2907,1756,24/25,Lesión desconocida,2025-05-18,2025-05-25,8.0,1.0
2908,1756,24/25,Falta de condición física,2024-11-10,2024-12-02,23.0,4.0
2909,1756,24/25,Lesión desconocida,2024-09-13,2024-11-10,59.0,10.0
2927,620,24/25,Fractura de tibia,2025-01-08,2025-02-04,28.0,5.0
2936,1757,24/25,Lesión desconocida,2024-11-19,,518.0,3.0
2937,1757,24/25,Lesión de cadera,2024-11-08,2024-11-15,8.0,1.0
2938,1757,24/25,Desgarro miofascial,2024-07-20,2024-08-22,34.0,5.0
2956,136,24/25,Lesión muscular,2025-02-26,2025-03-26,29.0,6.0
2957,136,24/25,Lesión muscular,2024-08-23,2024-09-13,22.0,3.0
2980,929,24/25,Rotura del ligamento cruzado,2025-05-05,2026-05-01,362.0,43.0
3023,1679,24/25,Lesión de rodilla,2024-11-23,2024-12-23,31.0,5.0
3024,1679,24/25,Problemas de rodilla,2024-10-17,2024-10-19,3.0,1.0
3049,1241,24/25,Lesión desconocida,2025-02-05,2025-03-08,32.0,2.0
3134,1332,24/25,Lesión muscular,2024-11-28,2024-12-07,10.0,1.0
3157,1336,24/25,Esguince de tobillo,2025-02-06,2025-04-05,59.0,11.0
3158,1336,24/25,Dolores musculares,2024-11-01,2024-11-11,11.0,3.0
3159,1336,24/25,Falta de condición física,2024-08-27,2024-09-10,15.0,3.0
3181,1341,24/25,Lesión desconocida,2025-01-31,2025-02-20,21.0,3.0
3182,1341,24/25,Lesión del aductor,2025-01-12,2025-01-21,10.0,
3194,1343,24/25,Lesión en el muslo,2025-05-16,2025-07-10,56.0,8.0
3195,1343,24/25,Lesión en el gemelo,2025-04-10,2025-04-17,8.0,1.0
3196,1343,24/25,Lesión inguinal,2024-08-07,2024-10-16,71.0,10.0
3214,1572,24/25,Lesión desconocida,2024-10-26,2024-11-19,25.0,3.0
3244,1347,24/25,Lesión desconocida,2025-02-02,2025-02-06,5.0,
3245,1347,24/25,Enfermedad viral,2024-12-18,2024-12-25,8.0,1.0
3254,1350,24/25,Lesión desconocida,2025-05-31,2025-06-02,3.0,1.0
3255,1350,24/25,Lesión desconocida,2025-02-12,2025-02-20,9.0,1.0
3268,1351,24/25,Lesión muscular,2024-09-28,2024-11-10,44.0,8.0
3315,1067,24/25,Rotura del ligamento interno de la rodilla,2025-05-15,2025-08-14,92.0,2.0
3346,1762,24/25,Desgarro miofascial,2025-01-10,2025-01-26,17.0,1.0
3347,1762,24/25,Lesión desconocida,2024-11-27,2024-12-03,7.0,1.0
3348,1762,24/25,Lesión desconocida,2024-10-05,2024-10-28,24.0,2.0
3439,1767,24/25,Lesión desconocida,2024-11-25,2024-12-02,8.0,2.0
3440,1767,24/25,Lesión de tobillo,2024-08-22,2024-10-14,54.0,9.0
3444,1768,24/25,Esguince,2025-01-11,2025-01-24,14.0,1.0
3475,209,24/25,Lesión de rodilla,2024-12-16,2025-02-03,50.0,6.0
3496,1769,24/25,Lesión del ligamento cruzado,2025-04-17,2025-12-11,239.0,46.0
3497,1769,24/25,Problemas musculares,2024-11-10,2025-01-01,53.0,5.0
3498,1769,24/25,Lesión en el muslo,2024-07-18,2024-07-23,6.0,1.0
3542,1602,24/25,Lesión en el gemelo,2024-11-21,2025-01-16,57.0,8.0
3543,1602,24/25,Lesión desconocida,2024-07-22,2024-08-27,37.0,8.0
3548,1603,24/25,Lesión desconocida,2025-02-23,2025-03-12,18.0,2.0
3549,1603,24/25,Lesión en el muslo,2024-09-17,2024-10-03,17.0,2.0
3589,1392,24/25,Lesión desconocida,2025-01-19,2025-01-31,13.0,1.0
3590,1392,24/25,Lesión desconocida,2024-10-20,2024-10-27,8.0,1.0
3591,1392,24/25,Lesión desconocida,2024-09-22,2024-09-29,8.0,1.0
3592,1392,24/25,Lesión desconocida,2024-09-15,2024-09-16,2.0,1.0
3602,1606,24/25,Lesión desconocida,2025-01-18,2025-01-26,9.0,1.0
3603,1606,24/25,Lesión desconocida,2024-09-17,2024-10-01,15.0,2.0
3697,1617,24/25,Problemas de las vértebras lumbares,2025-05-23,2025-08-23,93.0,12.0
3717,518,24/25,Lesión de tobillo,2025-02-11,2025-03-26,44.0,4.0
3752,1091,24/25,Rotura del ligamento cruzado,2025-04-14,2025-12-14,245.0,43.0
3753,1091,24/25,Lesión en el muslo,2025-02-23,2025-03-15,21.0,3.0
3754,1091,24/25,Lesión en el pie,2025-01-23,2025-01-31,9.0,2.0
3755,1091,24/25,Lesión en el pie,2024-11-27,2025-01-21,56.0,4.0
3756,1091,24/25,Problemas en el muslo,2024-08-26,2024-10-08,44.0,6.0
3757,1091,24/25,Lesión muscular,2024-07-07,2024-07-13,7.0,2.0
3769,557,24/25,Lesión en el muslo,2025-04-14,2025-06-05,53.0,7.0
3791,1736,24/25,Lesión desconocida,2024-08-02,2024-08-21,20.0,3.0
3826,952,24/25,Distensión de muslo,2025-02-05,2025-03-07,31.0,7.0
3827,952,24/25,Lesión desconocida,2024-12-17,2024-12-30,14.0,2.0
3828,952,24/25,Enfermo,2024-12-10,2024-12-14,5.0,1.0
3848,1266,24/25,Tuberculosis,2025-03-24,2025-05-28,66.0,8.0
3849,1266,24/25,Lesión desconocida,2024-11-16,2024-11-18,3.0,1.0
3880,1577,24/25,Lesión muscular,2025-03-30,2025-04-10,12.0,1.0
3881,1577,24/25,Problemas en el muslo,2025-03-21,2025-03-28,8.0,1.0
3889,1578,24/25,Lesión desconocida,2024-11-03,2024-11-18,16.0,1.0
3917,1581,24/25,Lesión muscular,2025-03-26,2025-04-21,27.0,7.0
3941,224,24/25,Lesión muscular,2024-09-04,2024-09-18,15.0,2.0
3963,1589,24/25,Lesión desconocida,2024-11-24,,513.0,25.0
3996,354,24/25,Desgarro en el muslo,2024-12-14,2025-02-01,50.0,8.0
3997,354,24/25,Desgarro en el muslo,2024-09-27,2024-12-04,69.0,7.0
4040,51,24/25,Lesión en el muslo,2024-09-10,2024-10-16,37.0,5.0
4050,1101,24/25,Lesión muscular,2025-04-21,2025-05-22,32.0,5.0
4051,1101,24/25,Problemas de espalda,2025-03-20,2025-04-03,15.0,2.0
4064,1102,24/25,Dolor de dientes,2025-04-10,2025-04-21,12.0,1.0
4065,1102,24/25,Lesión en el muslo,2025-01-17,2025-01-27,11.0,2.0
4088,1626,24/25,Espolón calcáneo,2025-05-05,2025-05-19,15.0,4.0
4089,1626,24/25,Lesión de hombro,2024-08-12,2024-09-10,30.0,6.0
4090,1626,24/25,Problemas estomacales,2024-07-09,2024-07-15,7.0,2.0
4104,1631,24/25,Lesión muscular,2024-07-06,2025-04-30,299.0,48.0
4146,1111,24/25,Lesión del ligamento cruzado,2025-02-12,2026-01-01,324.0,9.0
4162,1640,24/25,Lesión muscular,2024-09-20,2024-09-29,10.0,2.0
4233,255,24/25,Fractura de peroné,2024-09-02,2024-11-30,90.0,10.0
4244,1007,24/25,Lesión muscular,2025-02-20,2025-04-21,61.0,8.0
4245,1007,24/25,Inflamación del tendón del bíceps en el muslo,2025-01-08,2025-02-07,31.0,6.0
4264,1475,24/25,Desgarro del tendón,2024-08-01,2024-09-09,40.0,5.0
4380,1312,24/25,Fractura de clavícula,2024-08-24,2024-10-09,47.0,16.0
4381,1238,24/25,Problemas en el flexor de la cadera,2024-07-28,2025-01-01,158.0,18.0
4402,1465,24/25,Sobrecarga,2024-10-29,2024-12-02,35.0,5.0
4403,1465,24/25,Desgarro miofascial,2024-08-08,2024-08-22,15.0,2.0
4434,1248,24/25,Lesión desconocida,2025-04-26,2025-05-02,7.0,1.0
4437,1706,24/25,Sobrecarga,2025-03-26,2025-03-31,6.0,1.0
4450,1467,24/25,Lesión muscular,2025-05-12,2025-06-02,22.0,3.0
4451,1467,24/25,Fiebre,2025-02-20,2025-02-23,4.0,1.0
4452,1467,24/25,Problemas musculares,2024-11-07,2024-11-15,9.0,1.0
4453,1467,24/25,Fractura orbitaria,2024-09-29,2024-10-29,31.0,3.0
4467,133,24/25,Menisco desgarrado,2025-04-29,2025-07-31,94.0,13.0
4468,133,24/25,Lesión del aductor,2025-02-04,2025-02-18,15.0,4.0
4481,1362,24/25,Lesión en el muslo,2024-08-16,2024-09-03,19.0,3.0
4482,1362,24/25,Fractura de dedo,2024-07-12,2024-08-05,25.0,
4491,151,24/25,Lesión en el muslo,2025-04-23,2025-07-06,75.0,14.0
4492,151,24/25,Lesión en el muslo,2025-01-16,2025-02-06,22.0,6.0
4493,151,24/25,Lesión muscular,2024-11-27,2024-12-13,17.0,4.0
4494,151,24/25,Lesión de rodilla,2024-08-13,2024-09-26,45.0,10.0
4503,152,24/25,Lesión muscular,2025-02-27,2025-04-07,40.0,8.0
4504,152,24/25,Esguince de tobillo,2024-09-02,2024-10-18,47.0,6.0
4540,486,24/25,Pubalgia,2024-10-20,2024-11-25,37.0,7.0
4541,486,24/25,Lesión en el pie,2024-08-27,2024-08-30,4.0,1.0
4551,1483,24/25,Lesión de hombro,2025-05-13,2025-08-13,93.0,3.0
4552,1483,24/25,Lesión desconocida,2025-01-15,2025-01-22,8.0,1.0
4553,1483,24/25,Lesión de hombro,2024-09-23,2024-11-06,45.0,6.0
4566,493,24/25,Lesión en el muslo,2025-04-12,2025-05-10,29.0,7.0
4596,1185,24/25,Golpe,2025-02-08,2025-02-10,3.0,
4620,502,24/25,Conmoción,2025-02-03,2025-02-08,6.0,1.0
4621,502,24/25,Falta de condición física,2024-10-01,2024-10-19,19.0,4.0
4628,200,24/25,Lesión desconocida,2025-06-03,2025-09-10,100.0,15.0
4629,200,24/25,Lesión de tobillo,2025-03-25,2025-04-11,18.0,3.0
4638,1276,24/25,Lesión del músculo flexor de la pierna,2025-04-25,2025-05-20,26.0,5.0
4639,1276,24/25,Lesión en el muslo,2025-02-13,2025-03-07,23.0,4.0
4644,1492,24/25,Golpe,2025-03-03,2025-03-14,12.0,1.0
4661,1493,24/25,Enfermo,2024-12-20,2024-12-23,4.0,1.0
4662,1493,24/25,Contusión,2024-11-26,2024-12-14,19.0,4.0
4674,305,24/25,Lesión del ligamento cruzado,2024-11-09,2025-08-08,273.0,34.0
4682,1081,24/25,Esguince de tobillo,2025-05-11,2025-05-26,16.0,4.0
4683,1081,24/25,Lesión de pierna,2025-04-28,2025-05-02,5.0,1.0
4684,1081,24/25,Lesión en el tobillo,2025-04-06,2025-04-11,6.0,1.0
4685,1081,24/25,Falta de condición física,2024-09-13,2024-09-20,8.0,2.0
4686,1081,24/25,Lesión muscular,2024-07-10,2024-08-01,23.0,
4695,514,24/25,Apendicitis,2025-05-14,2025-05-31,18.0,3.0
4696,514,24/25,Lesión en el muslo,2024-10-07,2024-11-29,54.0,12.0
4722,1495,24/25,Problemas inguinales,2025-05-11,2025-06-01,22.0,2.0
4723,1495,24/25,Falta de condición física,2025-01-06,2025-01-08,3.0,1.0
4724,1495,24/25,Desgarro muscular,2024-10-25,2024-11-20,27.0,4.0
4725,1495,24/25,Desgarro del tendón,2024-09-14,2024-10-15,32.0,5.0
4758,1074,24/25,Lesión desconocida,2025-04-01,2025-04-30,30.0,5.0
4767,1317,24/25,Lesión desconocida,2024-08-15,2025-01-15,154.0,19.0
4771,711,24/25,Lesión muscular,2024-10-20,2024-11-02,14.0,3.0
4772,711,24/25,Lesión muscular,2024-09-08,2024-10-05,28.0,7.0
4791,881,24/25,Golpe,2024-11-27,2024-12-04,8.0,1.0
4792,881,24/25,Lesión de tobillo,2024-09-26,2024-10-18,23.0,2.0
4815,229,24/25,Lesión en el muslo,2025-04-06,2025-05-16,41.0,6.0
4816,229,24/25,Rotura del ligamento externo de la rodilla,2024-12-20,2025-02-28,71.0,8.0
4825,193,24/25,Problemas musculares,2025-05-19,2025-08-11,85.0,3.0
4826,193,24/25,Lesión muscular,2025-02-16,2025-03-25,38.0,8.0
4827,193,24/25,Lesión del aductor,2025-01-12,2025-02-01,21.0,3.0
4828,193,24/25,Lesión en el muslo,2024-10-17,2024-11-18,33.0,6.0
4840,303,24/25,Lesión en el muslo,2024-11-01,2024-11-15,15.0,3.0
4851,1402,24/25,Lesión de tobillo,2024-09-19,2025-01-13,117.0,17.0
4853,1403,24/25,Lesión de tobillo,2025-02-09,2025-02-14,6.0,
4854,1403,24/25,Lesión de tobillo,2024-11-28,2024-12-07,10.0,2.0
4863,1180,24/25,Lesión en el muslo,2025-02-03,2025-04-01,58.0,10.0
4876,361,24/25,Esguince de la articulación del tobillo,2025-01-24,2025-01-29,6.0,1.0
4877,361,24/25,Lesión muscular,2024-08-03,2024-08-12,10.0,
4882,1150,24/25,Lesión en el gemelo,2025-01-09,2025-01-17,9.0,2.0
4883,1150,24/25,Magulladuras en las costillas,2024-11-23,2024-12-03,11.0,3.0
4884,1150,24/25,Lesión de rodilla,2024-10-25,2024-11-15,22.0,5.0
4885,1150,24/25,Conmoción,2024-09-17,2024-10-01,15.0,3.0
4898,371,24/25,Problemas musculares,2025-05-13,2025-06-12,31.0,5.0
4899,371,24/25,Problemas musculares,2025-04-28,2025-05-06,9.0,1.0
4900,371,24/25,Desgarro muscular del gemelo,2025-03-15,2025-04-07,24.0,6.0
4910,369,24/25,Lesión de cadera,2024-11-10,2024-11-18,9.0,1.0
4916,1198,24/25,Descanso,2025-05-07,2025-05-10,4.0,1.0
4917,1198,24/25,Descanso,2025-04-30,2025-05-02,3.0,1.0
4918,1198,24/25,Lesión desconocida,2025-03-16,2025-04-05,21.0,1.0
4919,1198,24/25,Enfermo,2025-03-05,2025-03-12,8.0,2.0
4920,1198,24/25,Lesión desconocida,2024-08-15,2024-08-31,17.0,4.0
4927,380,24/25,Lesión de cadera,2024-08-01,2024-08-25,25.0,2.0
4945,920,24/25,Lesión desconocida,2024-09-13,2024-10-14,32.0,4.0
4960,1420,24/25,Rotura de fibras en el aductor,2024-12-13,2025-01-02,21.0,2.0
4964,1422,24/25,Lesión desconocida,2025-03-02,2025-04-04,34.0,3.0
4965,1422,24/25,Lesión desconocida,2025-02-14,2025-02-28,15.0,3.0
4979,1355,24/25,Lesión de cadera,2025-02-07,2025-02-21,15.0,2.0
4980,1355,24/25,Lesión desconocida,2025-01-01,2025-01-11,11.0,1.0
5000,1123,24/25,Lesión desconocida,2025-01-10,2025-03-03,53.0,12.0
5004,470,24/25,Rotura de menisco,2025-05-12,2025-07-31,81.0,3.0
5010,727,24/25,Lesión muscular,2025-01-15,2025-01-23,9.0,2.0
5020,313,24/25,Lesión de pierna,2024-12-10,2024-12-31,22.0,3.0
5022,449,24/25,Problemas de cadera,2025-02-24,2025-03-05,10.0,1.0
5023,449,24/25,Problemas de rodilla,2024-09-12,2024-09-15,4.0,1.0
5048,1411,24/25,Lesión muscular,2024-09-16,2024-11-07,53.0,6.0
5055,847,24/25,Sobrecarga,2024-11-01,2024-12-06,36.0,8.0
5065,183,24/25,Pubis,2024-11-04,2025-03-01,118.0,22.0
5076,184,24/25,Lesión muscular,2025-01-21,2025-02-10,21.0,3.0
5077,184,24/25,Lesión de pierna,2024-09-24,2024-10-16,23.0,4.0
5088,732,24/25,Fractura de vértebra lumbar,2024-07-16,2024-08-23,39.0,1.0
5093,735,24/25,Lesión en el muslo,2025-03-07,2025-04-06,31.0,6.0
5103,759,24/25,Falta de condición física,2024-08-12,2024-08-27,16.0,2.0
5113,278,24/25,Esguince,2024-12-09,2025-01-20,43.0,4.0
5115,978,24/25,Lesión desconocida,2025-02-18,2025-04-10,52.0,7.0
5116,978,24/25,Lesión en el gemelo,2024-10-30,2024-11-15,17.0,3.0
5125,1448,24/25,Magulladuras en las costillas,2025-04-02,2025-04-05,4.0,
5130,1449,24/25,Contusión,2025-06-18,2025-06-25,8.0,2.0
5131,1449,24/25,Lesión muscular,2025-02-16,2025-03-09,22.0,4.0
5134,1218,24/25,Lesión desconocida,2025-04-10,2025-04-23,14.0,2.0
5144,1453,24/25,Problemas de tobillo,2025-05-09,2025-05-16,8.0,1.0
5145,1453,24/25,Gripe,2025-04-18,2025-04-24,7.0,1.0
5146,1453,24/25,Gripe,2025-01-03,2025-01-13,11.0,2.0
5147,1453,24/25,Distorsión del tobillo,2024-09-23,2024-11-01,40.0,6.0
5148,1453,24/25,Fiebre,2024-08-16,2024-08-20,5.0,1.0
5159,1455,24/25,Lesión muscular,2024-07-19,2024-08-09,22.0,2.0
5176,524,24/25,Lesión en el gemelo,2024-08-26,2024-09-13,19.0,2.0
5200,366,24/25,Lesión en el muslo,2024-12-07,2024-12-31,25.0,3.0
5217,1282,24/25,Lesión desconocida,2025-01-06,2025-02-05,31.0,5.0
5218,1502,24/25,Lesión desconocida,2025-02-05,2025-02-10,6.0,1.0
5225,1504,24/25,Gastroenteritis gripal,2024-07-28,2024-08-04,8.0,1.0
5234,1285,24/25,Lesión desconocida,2024-11-11,2024-11-20,10.0,1.0
5260,541,24/25,Lesión de rodilla,2024-10-01,2024-10-23,23.0,2.0
5269,1508,24/25,Lesión de rodilla,2025-05-26,2026-02-22,273.0,27.0
5270,1508,24/25,Rotura del menisco externo,2024-11-04,2025-04-18,166.0,15.0
5276,1293,24/25,Lesión desconocida,2024-08-23,2024-08-30,8.0,2.0
5284,1509,24/25,Falta de condición física,2025-01-03,2025-01-05,3.0,1.0
5301,1298,24/25,Lesión muscular,2024-11-29,2024-12-18,20.0,3.0
5303,1539,24/25,Enfermedad viral,2024-07-30,2024-08-02,4.0,1.0
5310,1305,24/25,Lesión desconocida,2024-09-01,2025-06-01,274.0,36.0
5314,1550,24/25,Lesión desconocida,2025-02-23,2025-05-02,69.0,7.0
5332,1431,24/25,Lesión en el muslo,2025-04-18,2025-05-24,37.0,10.0
5333,1431,24/25,Lesión en el muslo,2025-01-11,2025-02-08,29.0,8.0
5353,948,24/25,Problemas musculares,2024-10-09,2024-10-15,7.0,3.0
5357,684,24/25,Lesión muscular,2025-03-16,2025-04-15,31.0,4.0
5358,684,24/25,Fractura metatarsiana,2024-12-03,2025-01-26,55.0,9.0
5359,960,24/25,Problemas musculares,2025-04-20,2025-05-03,14.0,3.0
5381,1335,24/25,Problemas del tendón de Aquiles,2024-08-15,2025-01-01,140.0,13.0
5400,1340,24/25,Gripe,2024-12-07,2024-12-10,4.0,1.0
5401,1340,24/25,Gripe,2024-08-03,2024-08-09,7.0,1.0
5402,1340,24/25,Desgarro miofascial,2024-07-19,2024-07-30,12.0,3.0
5413,632,24/25,Rotura del ligamento cruzado,2024-11-10,2025-08-01,265.0,29.0
5424,212,24/25,Lesión desconocida,2025-03-20,2025-03-24,5.0,
5432,1379,24/25,Lesión meniscal,2024-09-17,2024-12-31,106.0,14.0
5433,216,24/25,Problemas de rodilla,2024-09-25,2024-10-02,8.0,1.0
5461,805,24/25,Cirugía del ligamento cruzado,2024-11-27,2025-08-14,261.0,31.0
5462,805,24/25,Problemas en el muslo,2024-10-21,2024-11-01,12.0,3.0
5464,750,24/25,Lesión muscular,2024-12-29,2025-01-06,9.0,1.0
5465,750,24/25,Lesión en el gemelo,2024-08-12,2024-09-09,29.0,4.0
5513,239,24/25,Lesión en el muslo,2025-04-06,2025-04-25,20.0,3.0
5514,239,24/25,Fractura de tibia,2024-09-21,2024-10-16,26.0,5.0
5523,1386,24/25,Lesión en el pie,2025-03-05,2025-05-19,76.0,11.0
5525,1222,24/25,Lesión de rodilla,2024-11-22,2024-12-03,12.0,2.0
5565,1251,24/25,Lesión desconocida,2025-05-16,2025-05-20,5.0,1.0
5566,1251,24/25,Problemas musculares,2024-09-23,2024-10-01,9.0,1.0
5587,1472,24/25,Lesión desconocida,2025-04-10,2025-04-25,16.0,
5596,1256,24/25,Desgarro muscular,2024-10-11,2024-10-27,17.0,3.0
5597,1256,24/25,Desgarro muscular,2024-09-02,2024-09-13,12.0,2.0
5619,1388,24/25,Lesión de rodilla,2024-09-09,2024-10-09,31.0,4.0
5625,1388,24/25,Lesión de tobillo,,2025-04-27,,
5644,266,24/25,Molestias en el aductor,2025-03-02,2025-03-26,25.0,4.0
5664,876,24/25,Lesión muscular,2025-03-08,2025-05-15,69.0,11.0
5665,876,24/25,Lesión en el gemelo,2024-09-08,2024-11-02,56.0,9.0
5666,876,24/25,Fractura de dedo,2024-08-02,2024-08-31,30.0,1.0
5683,554,24/25,Lesión de rodilla,2025-02-05,2025-03-10,34.0,5.0
5686,1512,24/25,Lesión desconocida,2025-05-12,2025-05-16,5.0,1.0
5693,565,24/25,Sobreestiramiento,2024-09-23,2024-09-25,3.0,1.0
5695,1519,24/25,Lesión desconocida,2024-09-20,2024-10-03,14.0,2.0
5707,421,24/25,Lesión en el gemelo,2024-10-22,2024-11-18,28.0,5.0
5710,1523,24/25,Ligamento roto,2024-10-12,2025-03-31,171.0,20.0
5715,1524,24/25,Lesión en el gemelo,2024-10-24,2024-11-29,37.0,7.0
5727,1530,24/25,Lesión en el muslo,2025-03-14,2025-05-02,50.0,7.0
5730,132,24/25,Rotura del menisco externo,2025-04-27,2025-06-20,55.0,8.0
5731,132,24/25,Lesión muscular,2025-02-02,2025-02-18,17.0,4.0
5744,148,24/25,Esguince de tobillo,2024-11-06,2024-12-02,27.0,6.0
5745,148,24/25,Lesión en el pie,2024-09-02,2024-09-16,15.0,3.0
5757,475,24/25,Esguince de tobillo,2024-08-01,2024-09-23,54.0,7.0
5759,481,24/25,Tendinitis,2025-01-31,2025-03-15,44.0,15.0
5763,487,24/25,Lesión muscular,2025-01-27,2025-04-05,69.0,16.0
5764,487,24/25,Irritación del tendón de Aquiles,2024-08-22,2025-01-17,149.0,34.0
5775,595,24/25,Esguince,2025-01-11,2025-01-24,14.0,1.0
5788,845,24/25,Rotura del ligamento cruzado,2025-01-24,2025-12-15,326.0,69.0
5789,845,24/25,Lesión de rodilla,2024-08-28,2024-12-09,104.0,21.0
5793,499,24/25,Lesión de ligamentos,2025-03-16,2025-05-10,56.0,13.0
5800,1036,24/25,Lumbalgia,2025-05-16,2025-05-23,8.0,2.0
5801,1036,24/25,Fractura metatarsiana,2024-07-11,2024-11-16,129.0,29.0
5806,1035,24/25,Lesión desconocida,2025-03-26,2025-03-31,6.0,
5808,507,24/25,Problemas de rodilla,2025-05-03,2025-05-13,11.0,3.0
5809,507,24/25,Fractura metacarpiana,2024-07-17,2024-07-22,6.0,
5828,1037,24/25,Lesión meniscal,2025-01-21,2025-03-17,56.0,8.0
5829,1037,24/25,Lesión desconocida,2024-07-29,2024-08-29,32.0,4.0
5837,510,24/25,Lesión de tobillo,2024-12-16,2025-01-05,21.0,2.0
5838,510,24/25,Lesión de tobillo,2024-11-07,2024-11-29,23.0,5.0
5839,510,24/25,Sobrecarga,2024-10-13,2024-10-18,6.0,1.0
5844,513,24/25,Lesión de hombro,2025-05-04,2025-09-04,124.0,12.0
5845,513,24/25,Lesión en el muslo,2025-01-24,2025-04-02,69.0,10.0
5846,513,24/25,Lesión en el muslo,2024-08-14,2024-11-29,108.0,14.0
5851,515,24/25,Lesión muscular,2025-04-19,2025-05-05,17.0,4.0
5852,515,24/25,Problemas de las vértebras lumbares,2024-11-10,2024-11-20,11.0,2.0
5853,515,24/25,Desgarro fibrilar,2024-06-11,2024-06-21,11.0,
5863,1039,24/25,Lesión en el muslo,2025-02-03,2025-05-12,99.0,19.0
5880,707,24/25,Lesión muscular,2024-11-18,2024-12-06,19.0,5.0
5910,1079,24/25,Lesión desconocida,2024-08-13,2024-09-20,39.0,10.0
5912,1082,24/25,Descanso,2025-05-29,2025-05-31,3.0,1.0
5913,1082,24/25,Lesión inguinal,2025-04-20,2025-04-24,5.0,1.0
5914,1082,24/25,Distensión de muslo,2025-02-13,2025-03-03,19.0,5.0
5915,1082,24/25,Cansancio muscular,2025-01-15,2025-01-21,7.0,1.0
5916,1082,24/25,Amigdalitis,2024-12-19,2024-12-28,10.0,1.0
5917,1082,24/25,Molestias en el aductor,2024-12-11,2024-12-14,4.0,
5918,1082,24/25,Traumatismo craneal,2024-11-07,2024-11-12,6.0,1.0
5919,1082,24/25,Lesión muscular,2024-08-18,2024-09-09,23.0,4.0
5929,827,24/25,Enfermo,2025-01-09,2025-01-10,2.0,
5930,827,24/25,Lesión en el muslo,2024-12-02,2024-12-22,21.0,4.0
5931,827,24/25,Golpe de muslo,2024-10-18,2024-10-21,4.0,1.0
5932,827,24/25,Lesión de talón,2024-09-24,2024-09-30,7.0,2.0
5958,1169,24/25,Pubis,2025-05-02,2025-09-21,143.0,6.0
5973,1174,24/25,Lesión en el muslo,2025-04-10,2025-08-10,123.0,8.0
5978,52,24/25,Lesión de pierna,2024-09-24,2024-10-24,31.0,4.0
5979,52,24/25,Lesión muscular,2024-09-22,2024-10-20,29.0,4.0
5990,1191,24/25,Lesión desconocida,2025-04-01,2025-04-11,11.0,2.0
6018,345,24/25,Lesión muscular,2024-12-26,2025-01-17,23.0,4.0
6024,1193,24/25,Lesión en el gemelo,2025-06-04,2025-06-23,20.0,2.0
6025,1193,24/25,Desgarro muscular del gemelo,2025-04-21,2025-05-18,28.0,3.0
6026,1193,24/25,Lesión vertebral,2025-02-09,2025-02-24,16.0,4.0
6027,1193,24/25,Problemas musculares,2024-12-10,2024-12-17,8.0,1.0
6028,1193,24/25,Lesión muscular,2024-08-20,2024-09-16,28.0,5.0
6036,846,24/25,Problemas en el muslo,2024-08-28,2024-11-04,69.0,10.0
6070,309,24/25,Lesión en el muslo,2025-05-18,2025-06-22,36.0,1.0
6071,309,24/25,Problemas en el muslo,2024-12-21,2025-01-14,25.0,2.0
6072,309,24/25,Lesión muscular,2024-11-17,2024-12-04,18.0,3.0
6073,309,24/25,Lesión muscular,2024-09-27,2024-10-25,29.0,5.0
6084,360,24/25,Lesión muscular,2024-10-26,2024-11-11,17.0,3.0
6085,360,24/25,Lesión del músculo flexor de la pierna,2024-09-06,2024-09-18,13.0,1.0
6096,363,24/25,Lesión en el muslo,2024-11-21,2025-07-03,225.0,27.0
6097,363,24/25,Lesión muscular,2024-10-26,2024-11-11,17.0,3.0
6111,362,24/25,Lesión de cadera,2024-07-29,2024-08-12,15.0,
6142,1201,24/25,Problemas de rodilla,2025-02-16,2025-03-26,39.0,7.0
6143,1201,24/25,Lesión de rodilla,2025-01-15,2025-02-03,20.0,6.0
6144,1201,24/25,Lesión de tobillo,2024-09-06,2024-09-16,11.0,1.0
6156,751,24/25,Rotura de fibras,2025-03-31,2025-05-15,46.0,6.0
6157,751,24/25,Problemas musculares,2025-03-08,2025-03-22,15.0,1.0
6158,751,24/25,Rotura de fibras,2025-01-27,2025-02-20,25.0,6.0
6159,751,24/25,Lesión muscular,2024-12-02,2025-01-02,32.0,5.0
6160,751,24/25,Lesión del aductor,2024-09-27,2024-10-01,5.0,1.0
6181,676,24/25,Fractura del pie,2024-08-24,2024-10-24,62.0,8.0
6187,965,24/25,Lesión muscular,2024-11-11,2024-11-29,19.0,3.0
6195,1204,24/25,Problemas cardíacos,2024-11-29,,508.0,73.0
6210,418,24/25,Rotura de tendones,2024-09-30,2024-10-30,31.0,5.0
6227,970,24/25,Lesión muscular,2024-10-16,2024-11-08,24.0,6.0
6228,970,24/25,Traumatismo,2024-08-29,2024-09-12,15.0,1.0
6241,1208,24/25,Lesión desconocida,2025-01-06,2025-02-10,36.0,6.0
6247,1209,24/25,Lesión en el muslo,2025-03-01,2025-09-06,190.0,13.0
6248,1209,24/25,Desgarro en el muslo,2024-10-03,2025-02-28,149.0,17.0
6252,435,24/25,Lesión desconocida,2024-12-03,2025-01-03,32.0,5.0
6253,435,24/25,Lesión en el muslo,2024-10-03,2024-11-18,47.0,11.0
6274,1210,24/25,Desgarro muscular del gemelo,2025-03-14,2025-04-04,22.0,1.0
6275,1210,24/25,Lesión del aductor,2025-02-15,2025-03-11,25.0,5.0
6276,1210,24/25,Lesión del aductor,2024-09-16,2024-09-24,9.0,1.0
6300,1056,24/25,Traumatismo craneal,2024-12-05,2024-12-09,5.0,1.0
6313,607,24/25,Lesión de tobillo,2024-09-11,2024-12-02,83.0,16.0
6318,612,24/25,Enfermo,2024-11-22,2024-11-25,4.0,1.0
6319,612,24/25,Problemas musculares,2024-10-29,2024-11-08,11.0,2.0
6338,1065,24/25,Lesión inguinal,2025-05-02,2025-05-09,8.0,1.0
6339,1065,24/25,Lesión en el muslo,2025-01-25,2025-02-17,24.0,3.0
6357,1066,24/25,Problemas en el flexor de la cadera,2025-04-27,2025-07-08,73.0,5.0
6358,1066,24/25,Problemas musculares,2025-03-27,2025-04-18,23.0,5.0
6375,980,24/25,Lesión en el muslo,2025-03-31,2025-04-15,16.0,4.0
6383,1215,24/25,Lesión en el gemelo,2025-04-25,2025-06-30,67.0,4.0
6384,1215,24/25,Lesión en el gemelo,2025-03-28,2025-04-01,5.0,1.0
6385,1215,24/25,Lesión en el muslo,2025-01-11,2025-02-24,45.0,12.0
6416,1284,24/25,Lesión en el muslo,2025-03-09,2025-03-31,23.0,3.0
6417,1284,24/25,Lesión en el muslo,2024-12-27,2025-01-22,27.0,6.0
6418,1284,24/25,Lesión en el muslo,2024-12-11,2024-12-23,13.0,2.0
6419,537,24/25,Lesión en el dedo del pie,2024-10-20,2025-05-07,200.0,26.0
6421,1095,24/25,Lesión muscular,2025-03-20,2025-04-20,32.0,4.0
6428,788,24/25,Operación de rodilla,2024-12-09,2025-01-13,36.0,
6435,793,24/25,Desgarro del tendón,2025-02-20,2025-05-05,75.0,11.0
6438,796,24/25,Lesión facial,2024-08-31,2024-09-22,23.0,2.0
6442,800,24/25,Molestias en el aductor,2024-09-25,2024-10-20,26.0,2.0
6444,226,24/25,Lesión desconocida,2025-02-14,2025-02-28,15.0,2.0
6445,226,24/25,Lesión en el gemelo,2024-12-11,2025-01-05,26.0,3.0
6448,804,24/25,Lesión de hombro,2024-10-04,2025-01-12,101.0,17.0
6458,1094,24/25,Falta de condición física,2025-05-14,2025-06-08,26.0,3.0
6459,1094,24/25,Lesión en el pie,2025-04-11,2025-05-14,34.0,5.0
6460,1094,24/25,Fractura metatarsiana,2024-11-20,2025-03-03,104.0,20.0
6465,812,24/25,Lesión de tobillo,2024-10-22,2024-11-23,33.0,4.0
6486,1098,24/25,Lesión desconocida,2024-09-19,2024-10-17,29.0,2.0
6494,859,24/25,Cirugía,2025-06-10,2025-06-12,3.0,1.0
6495,859,24/25,Lesión muscular,2025-05-15,2025-08-31,109.0,6.0
6496,859,24/25,Desgarro fibrilar,2025-04-03,2025-04-30,28.0,4.0
6497,859,24/25,Lesión muscular,2024-11-07,2024-11-15,9.0,
6500,217,24/25,Lesión de tobillo,2024-11-24,2024-12-07,14.0,3.0
6505,1146,24/25,Rotura del ligamento interno del tobillo,2025-05-03,2025-06-16,45.0,4.0
6506,1146,24/25,Lesión de hombro,2025-03-28,2025-04-06,10.0,1.0
6507,1146,24/25,Lesión de cápsula,2024-10-18,2024-11-25,39.0,8.0
6536,1159,24/25,Golpe de muslo,2024-11-08,2025-04-04,148.0,23.0
6537,1159,24/25,Lesión en el gemelo,2024-09-27,2024-10-07,11.0,2.0
6538,1159,24/25,Traumatismo,2024-09-06,2024-09-13,8.0,2.0
6547,249,24/25,Rotura del ligamento cruzado,2025-03-04,2026-02-09,343.0,46.0
6588,1115,24/25,Problemas de rodilla,2025-05-02,2025-06-15,45.0,11.0
6589,1115,24/25,Edema óseo,2025-04-20,2025-04-26,7.0,1.0
6590,1115,24/25,Cansancio muscular,2025-03-30,2025-04-05,7.0,1.0
6598,79,24/25,Hernia inguinal,2024-08-01,2024-10-01,62.0,8.0
6626,1120,24/25,Lesión en el muslo,2024-11-23,2024-12-21,29.0,4.0
6628,1226,24/25,Enfermo,2024-07-21,2024-08-01,12.0,2.0
6631,1231,24/25,Lesión muscular,2024-09-25,2024-10-27,33.0,4.0
6632,1231,24/25,Sobrecarga,2024-07-29,2024-08-15,18.0,2.0
6644,1237,24/25,Problemas de rodilla,2024-11-15,2024-12-13,29.0,3.0
6665,1261,24/25,Enfermo,2025-03-15,2025-03-17,3.0,1.0
6682,1264,24/25,Problemas del tendón de Aquiles,2025-06-06,2025-09-04,91.0,15.0
6683,1264,24/25,Lesión muscular,2025-03-21,2025-04-03,14.0,2.0
6697,832,24/25,Molestias en el aductor,2024-10-25,2024-11-04,11.0,2.0
6706,838,24/25,Lesión muscular,2024-08-19,2024-09-19,32.0,9.0
6708,134,24/25,Lesión muscular,2024-09-06,2024-09-22,17.0,6.0
6711,154,24/25,Lesión muscular,2024-08-23,2024-09-15,24.0,6.0
6725,161,24/25,Lesión desconocida,2025-06-03,2025-06-09,7.0,1.0
6726,161,24/25,Rotura de fibras en el aductor,2025-05-14,2025-05-23,10.0,2.0
6727,161,24/25,Lesión en el muslo,2024-09-14,2024-10-25,42.0,10.0
6735,482,24/25,Conmoción,2025-05-03,2025-05-09,7.0,3.0
6736,482,24/25,Lesión muscular,2024-09-20,2024-10-17,28.0,8.0
6737,483,24/25,Conmoción,2025-02-11,2025-02-20,10.0,2.0
6738,484,24/25,Distorsión del tobillo,2025-03-20,2025-03-26,7.0,1.0
6742,1031,24/25,Desgarro muscular,2025-04-25,2025-06-15,52.0,8.0
6743,1031,24/25,Desgarro en el muslo,2025-03-03,2025-04-17,46.0,8.0
6744,1031,24/25,Lesión de pierna,2025-02-08,2025-02-15,8.0,1.0
6755,497,24/25,Problemas musculares,2024-12-20,2025-01-06,18.0,2.0
6756,497,24/25,Traumatismo,2024-11-09,2024-11-19,11.0,3.0
6758,1033,24/25,Conmoción,2024-08-13,2024-08-20,8.0,1.0
6774,506,24/25,Lesión muscular,2024-09-17,2024-10-16,30.0,10.0
6775,506,24/25,Lesión muscular,2024-09-02,2024-09-16,15.0,5.0
6778,207,24/25,Lesión en el muslo,2025-04-21,2025-04-26,6.0,1.0
6779,207,24/25,Hematoma en el tobillo,2024-09-25,2024-09-27,3.0,1.0
6782,823,24/25,Lesión en el muslo,2024-06-19,2024-11-25,160.0,25.0
6800,101,24/25,Rotura del ligamento cruzado,2024-09-02,2025-03-01,181.0,42.0
6811,111,24/25,Irritación del tendón,2025-03-28,2025-05-15,49.0,9.0
6812,111,24/25,Tendinitis,2025-02-23,2025-02-28,6.0,1.0
6813,111,24/25,Rotura de tendones,2024-08-01,2024-12-31,153.0,26.0
6824,116,24/25,Problemas de rodilla,2025-03-14,2025-04-14,32.0,7.0
6840,828,24/25,Molestias en los gemelos,2025-01-15,2025-01-31,17.0,5.0
6857,1072,24/25,Lesión en el muslo,2025-03-06,2025-03-30,25.0,5.0
6858,1072,24/25,Lesión en el muslo,2025-02-09,2025-02-22,14.0,3.0
6859,1072,24/25,Falta de condición física,2024-12-04,2024-12-08,5.0,1.0
6860,1072,24/25,Extensión del ligamento interno de la rodilla,2024-11-10,2024-12-04,25.0,5.0
6861,1072,24/25,Hematoma,2024-09-29,2024-10-15,17.0,3.0
6862,1072,24/25,Infección gripal,2024-09-08,2024-09-12,5.0,1.0
6875,701,24/25,Lesión muscular,2024-09-22,2024-11-06,46.0,9.0
6887,409,24/25,Lesión desconocida,2024-09-30,2024-10-21,22.0,3.0
6897,424,24/25,Lesión muscular,2024-10-17,2024-11-17,32.0,7.0
6901,972,24/25,Lesión de rodilla,2024-08-26,2024-09-12,18.0,3.0
6905,434,24/25,Lesión de hombro,2024-07-23,2024-10-23,93.0,13.0
6909,974,24/25,Problemas en el muslo,2025-05-16,2025-07-29,75.0,2.0
6910,974,24/25,Infección,2025-03-18,2025-03-21,4.0,1.0
6911,974,24/25,Molestias en el aductor,2025-02-20,2025-02-26,7.0,2.0
6912,974,24/25,Fiebre,2024-12-06,2024-12-09,4.0,1.0
6913,974,24/25,Fiebre,2024-10-31,2024-11-02,3.0,1.0
6914,974,24/25,Lesión muscular,2024-09-05,2024-09-12,8.0,2.0
6926,1084,24/25,Lesión de rodilla,2024-08-11,2025-04-25,258.0,41.0
6933,763,24/25,Lesión de rodilla,2024-09-01,2024-10-07,37.0,14.0
6938,879,24/25,Molestias en los gemelos,2025-06-03,2025-07-07,35.0,
6939,879,24/25,Problemas musculares,2024-10-27,2024-11-11,16.0,4.0
6940,879,24/25,Problemas musculares,2024-10-18,2024-10-21,4.0,1.0
6947,880,24/25,Rotura del ligamento cruzado,2024-09-21,2025-08-16,330.0,44.0
6951,284,24/25,Lesión muscular,2024-11-04,2024-12-04,31.0,3.0
6966,882,24/25,Molestias en el aductor,2025-02-15,2025-02-20,6.0,1.0
6967,884,24/25,Contusión muscular,2024-11-24,2024-12-31,38.0,4.0
6971,892,24/25,Problemas de rodilla,2024-11-10,2024-11-23,14.0,2.0
6972,892,24/25,Lesión de rodilla,2024-10-01,2024-10-05,5.0,1.0
6984,894,24/25,Fractura de tibia,2024-05-14,2025-01-01,233.0,26.0
6985,899,24/25,Lesión de rodilla,2025-04-07,2025-07-06,91.0,14.0
6987,341,24/25,Disco herniado,2025-05-21,2025-07-01,42.0,1.0
6999,904,24/25,Lesión de nariz,2024-11-29,2024-12-11,13.0,3.0
7013,356,24/25,Rotura del ligamento externo de la rodilla,2024-10-26,2024-12-04,40.0,7.0
7027,377,24/25,Problemas del tendón de Aquiles,2025-05-07,2025-05-11,5.0,1.0
7028,377,24/25,Distensión de muslo,2024-12-12,2025-01-05,25.0,3.0
7029,377,24/25,Lesión de cadera,2024-09-21,2024-10-08,18.0,3.0
7030,377,24/25,Problemas en el muslo,2024-09-06,2024-09-10,5.0,1.0
7043,382,24/25,Lesión en el muslo,2024-11-28,2025-01-13,47.0,12.0
7048,385,24/25,Problemas en el flexor derecho de la cadera,2024-11-04,2024-11-28,25.0,2.0
7065,393,24/25,Lesión en el tobillo,2024-09-21,2024-10-03,13.0,2.0
7088,186,24/25,Lesión en el pie,2025-02-17,2025-08-26,191.0,22.0
7089,186,24/25,Lesión de tobillo,2024-10-15,2025-01-15,93.0,18.0
7099,189,24/25,Lesión muscular,2025-03-10,2025-03-15,6.0,1.0
7100,189,24/25,Lesión muscular,2024-11-15,2024-12-10,26.0,6.0
7101,189,24/25,Problemas de rodilla,2024-10-07,2024-10-18,12.0,2.0
7105,191,24/25,Tirón muscular,2025-01-20,2025-02-25,37.0,7.0
7106,191,24/25,Lesión muscular,2024-11-20,2024-12-18,29.0,7.0
7110,855,24/25,Rotura del ligamento cruzado,2024-08-25,2025-03-25,213.0,70.0
7115,198,24/25,Fractura del pie,2025-04-24,2025-06-30,68.0,7.0
7132,593,24/25,Desgarro miofascial,2025-04-12,2025-06-30,80.0,9.0
7139,597,24/25,Lesión desconocida,2024-12-14,2025-01-13,31.0,3.0
7140,597,24/25,Lesión en el gemelo,2024-08-16,2024-10-16,62.0,8.0
7148,601,24/25,Lesión en el muslo,2024-09-13,2024-09-23,11.0,2.0
7159,1061,24/25,Problemas musculares,2025-02-25,2025-04-09,44.0,6.0
7162,603,24/25,Contusión de rodilla,2025-05-09,2025-10-07,152.0,9.0
7163,603,24/25,Molestias en el aductor,2024-10-18,2025-01-15,90.0,11.0
7165,613,24/25,Problemas de rodilla,2024-09-27,2024-10-17,21.0,2.0
7169,615,24/25,Lesión en el gemelo,2025-03-18,2025-04-08,22.0,3.0
7172,617,24/25,Lesión desconocida,2025-04-26,2025-05-01,6.0,1.0
7191,930,24/25,Lesión desconocida,2025-05-13,2025-05-31,19.0,3.0
7192,930,24/25,Lesión en el muslo,2024-12-06,2024-12-31,26.0,3.0
7223,962,24/25,Lesión en el gemelo,2024-12-07,2025-01-30,55.0,6.0
7232,981,24/25,Rotura del ligamento cruzado,2025-04-20,2025-12-29,254.0,27.0
7244,570,24/25,Lesión de rodilla,2024-11-02,2024-12-01,30.0,3.0
7267,583,24/25,Traumatismo craneal,2024-12-19,2024-12-31,13.0,1.0
7272,771,24/25,Fractura metacarpiana,2025-05-12,2025-05-21,10.0,1.0
7273,771,24/25,Cansancio muscular,2025-01-05,2025-01-11,7.0,
7274,771,24/25,Reacción de estrés del hueso,2024-09-16,2024-09-19,4.0,
7276,13,24/25,Lesión de rodilla,2025-02-23,,422.0,43.0
7292,774,24/25,Falta de condición física,2025-03-03,2025-03-30,28.0,4.0
7293,774,24/25,Lesión en el muslo,2024-11-10,2025-03-03,114.0,21.0
7296,775,24/25,Rotura del ligamento cruzado,2025-03-07,2026-01-01,301.0,35.0
7297,775,24/25,Fractura de clavícula,2025-01-05,2025-03-06,61.0,8.0
7301,776,24/25,Lesión desconocida,2024-10-30,2025-01-13,76.0,10.0
7308,25,24/25,Cáncer de glándula linfática,2025-02-06,2025-09-15,222.0,21.0
7346,821,24/25,Menisco desgarrado,2025-01-13,2025-04-24,102.0,15.0
7360,218,24/25,Problemas musculares,2025-04-01,2025-04-08,8.0,1.0
7378,872,24/25,Lesión desconocida,2025-05-23,2025-05-31,9.0,2.0
7382,998,24/25,Lesión del aductor,2025-03-04,2025-05-31,89.0,14.0
7386,1004,24/25,Lesión desconocida,2025-05-18,2025-07-18,62.0,
7389,1010,24/25,Falta de condición física,2025-04-25,2025-05-20,26.0,4.0
7390,1010,24/25,Lesión muscular,2025-03-10,2025-04-25,47.0,5.0
7391,1010,24/25,Falta de condición física,2025-02-21,2025-02-24,4.0,1.0
7392,1010,24/25,Lesión muscular,2025-01-15,2025-02-21,38.0,7.0
7404,1012,24/25,Lesión de pierna,2025-06-09,2025-07-10,32.0,5.0
7405,1012,24/25,Lesión de pierna,2025-04-17,2025-05-01,15.0,2.0
7406,1012,24/25,Lesión de pierna,2025-02-20,2025-03-20,29.0,4.0
7424,142,24/25,Lesión de tobillo,2025-03-12,2025-04-17,37.0,6.0
7425,142,24/25,Lesión en el muslo,2025-02-02,2025-02-11,10.0,2.0
7426,142,24/25,Lesión en el muslo,2024-11-09,2024-11-25,17.0,3.0
7436,149,24/25,Lesión de tobillo,2024-08-18,2024-09-02,16.0,2.0
7441,163,24/25,Gastroenteritis gripal,2025-06-18,2025-06-30,13.0,3.0
7442,163,24/25,Lesión en el muslo,2024-12-12,2024-12-17,6.0,1.0
7443,163,24/25,Lesión muscular,2024-09-25,2024-09-30,6.0,1.0
7454,164,24/25,Lesión en el muslo,2025-05-21,2025-07-21,62.0,9.0
7469,489,24/25,Problemas musculares,2025-04-21,2025-05-09,19.0,7.0
7470,489,24/25,Resfriado,2025-04-03,2025-04-10,8.0,3.0
7476,490,24/25,Lesión en el muslo,2025-01-10,2025-03-15,65.0,9.0
7480,492,24/25,Lesión en el muslo,2024-11-28,2024-12-28,31.0,10.0
7482,494,24/25,Fractura metacarpiana,2025-06-11,2025-07-20,40.0,
7485,498,24/25,Problemas musculares,2024-10-24,2024-11-05,13.0,2.0
7490,500,24/25,Rotura del ligamento cruzado,2024-08-27,2025-08-06,345.0,57.0
7492,504,24/25,Hematoma en el tobillo,2025-03-08,2025-03-13,6.0,2.0
7495,505,24/25,Lesión del aductor,2025-03-27,2025-04-15,20.0,5.0
7496,505,24/25,Sobrecarga,2025-01-19,2025-02-06,19.0,4.0
7497,505,24/25,Lesión muscular,2024-09-16,2024-10-17,32.0,8.0
7508,511,24/25,Sobreestiramiento de la banda de sindesmosis,2024-10-17,2024-12-21,66.0,28.0
7509,511,24/25,Esguince de la articulación del tobillo,2024-08-25,2024-09-07,14.0,4.0
7512,512,24/25,Problemas musculares,2025-06-18,2025-06-30,13.0,
7513,512,24/25,Lesión muscular,2025-01-10,2025-02-07,29.0,12.0
7514,512,24/25,Problemas musculares,2024-08-30,2024-09-07,9.0,1.0
7524,564,24/25,Lesión muscular,2024-12-20,2025-01-15,27.0,2.0
7529,730,24/25,Rotura del ligamento cruzado,2024-04-26,2024-12-26,245.0,32.0
7532,740,24/25,Lesión en el muslo,2024-08-08,2024-09-20,44.0,5.0
7535,758,24/25,Gripe,2025-05-15,2025-05-29,15.0,1.0
7536,758,24/25,Lesión en el muslo,2024-08-08,2024-08-27,20.0,2.0
7539,764,24/25,Lesión vertebral,2024-10-21,2024-12-11,52.0,7.0
7544,90,24/25,Lesión de rodilla,2025-05-10,2025-05-25,16.0,4.0
7545,90,24/25,Contusión del tendón de Aquiles,2025-04-02,2025-05-05,34.0,4.0
7546,90,24/25,Lesión de rodilla,2025-03-26,2025-03-30,5.0,1.0
7547,90,24/25,Golpe de muslo,2025-02-24,2025-03-03,8.0,1.0
7548,90,24/25,Lesión de espalda,2025-01-05,2025-01-14,10.0,1.0
7549,90,24/25,Lesión en el muslo,2024-11-08,2024-11-09,2.0,
7557,106,24/25,Falta de condición física,2024-07-24,2024-08-01,9.0,1.0
7569,109,24/25,Fractura del brazo,2024-09-01,2024-09-16,16.0,2.0
7577,172,24/25,Lesión muscular,2024-10-06,2024-10-18,13.0,
7603,182,24/25,Esguince de tobillo,2025-02-16,2025-03-03,16.0,3.0
7636,306,24/25,Lesión desconocida,2025-04-06,2025-04-22,17.0,2.0
7637,306,24/25,Cansancio muscular,2024-12-08,2024-12-10,3.0,
7638,306,24/25,Fractura de tibia,2024-07-02,2024-10-25,116.0,17.0
7643,307,24/25,Lesión muscular,2024-11-21,2025-01-20,61.0,8.0
7658,322,24/25,Problemas de espalda,2025-05-07,2025-05-31,25.0,3.0
7659,322,24/25,Molestias en el aductor,2025-02-20,2025-03-01,10.0,1.0
7669,332,24/25,Problemas de tobillo,2025-01-19,2025-01-30,12.0,1.0
7677,342,24/25,Fractura de peroné,2025-06-16,2025-09-27,104.0,19.0
7678,342,24/25,Lesión de rodilla,2025-03-14,2025-04-05,23.0,7.0
7679,342,24/25,Lesión de rodilla,2025-02-28,2025-03-07,8.0,2.0
7680,342,24/25,Lesión de rodilla,2024-12-10,2025-01-12,34.0,9.0
7681,342,24/25,Descanso,2024-11-20,2024-11-21,2.0,1.0
7682,342,24/25,Descanso,2024-07-06,2024-07-08,3.0,1.0
7696,376,24/25,Lesión en el muslo,2025-04-22,2025-05-11,20.0,3.0
7697,376,24/25,Lesión en el muslo,2025-02-06,2025-03-05,28.0,4.0
7698,376,24/25,Lesión en el muslo,2024-09-06,2024-09-30,25.0,6.0
7699,376,24/25,Lesión en el muslo,2024-07-30,2024-08-19,21.0,1.0
7708,387,24/25,Lesión en el muslo,2025-04-08,2025-07-04,88.0,10.0
7709,387,24/25,Lesión de tobillo,2024-10-02,2024-11-20,50.0,10.0
7722,389,24/25,Lesión en el muslo,2024-10-21,2025-01-09,81.0,13.0
7730,394,24/25,Lesión muscular,2025-04-08,2025-07-04,88.0,8.0
7731,394,24/25,Distensión de muslo,2025-02-06,2025-03-11,34.0,5.0
7732,394,24/25,Golpe de muslo,2024-11-11,2024-12-07,27.0,2.0
7741,399,24/25,Edema óseo,2024-10-10,2024-10-31,22.0,4.0
7750,407,24/25,Lesión inguinal,2025-01-20,2025-02-01,13.0,2.0
7751,407,24/25,Lesión en el pie,2024-11-07,2024-11-20,14.0,3.0
7764,408,24/25,Lesión muscular,2024-10-27,2024-11-18,23.0,4.0
7797,436,24/25,Esguince de la articulación del tobillo,2024-10-11,2024-11-18,39.0,9.0
7801,440,24/25,Problemas musculares,2024-10-20,2024-11-26,38.0,7.0
7811,7,24/25,Lesión en el muslo,2024-09-20,2024-10-16,27.0,6.0
7822,9,24/25,Lesión desconocida,2025-02-21,2025-04-20,59.0,8.0
7831,15,24/25,Lesión de rodilla,2024-12-09,2025-02-02,56.0,6.0
7834,18,24/25,Problemas musculares,2024-11-25,2024-12-05,11.0,1.0
7837,19,24/25,Gastroenteritis gripal,2024-11-04,2024-11-09,6.0,1.0
7842,37,24/25,Lesión del aductor,2025-04-22,2025-09-22,154.0,13.0
7843,37,24/25,Lesión de rodilla,2025-02-08,2025-02-25,18.0,3.0
7854,522,24/25,Lesión desconocida,2024-11-11,2024-11-18,8.0,1.0
7866,526,24/25,Rotura del ligamento cruzado,2024-11-24,2025-06-24,213.0,49.0
7894,566,24/25,Lesión inguinal,2024-10-10,2024-12-01,53.0,7.0
7895,566,24/25,Problemas de talón,2024-09-10,2024-09-18,9.0,1.0
7896,566,24/25,Lesión de hombro,2024-07-28,2024-08-15,19.0,
7900,577,24/25,Traumatismo craneal,2025-02-02,2025-03-20,47.0,6.0
7907,476,24/25,Lesión desconocida,2024-11-03,2024-11-07,5.0,1.0
7909,225,24/25,Irritación del menisco,2024-08-23,2024-09-17,26.0,4.0
7926,237,24/25,Lesión en el muslo,2025-04-06,2025-04-25,20.0,3.0
7927,237,24/25,Lesión en el muslo,2024-10-20,2024-12-01,43.0,6.0
7928,237,24/25,Lesión de rodilla,2024-09-20,2024-10-16,27.0,3.0
7939,43,24/25,Lesión de hombro,2025-03-22,2025-05-01,41.0,5.0
7945,48,24/25,Conmoción,2025-04-12,2025-04-21,10.0,1.0
7946,48,24/25,Traumatismo craneal,2025-03-29,2025-04-01,4.0,1.0
7947,48,24/25,Lesión en el tobillo,2025-01-12,2025-01-13,2.0,
7959,62,24/25,Falta de condición física,2024-12-18,2024-12-23,6.0,1.0
7960,62,24/25,Lesión de ligamentos,2024-11-23,2024-12-18,26.0,7.0
7961,62,24/25,Infección gripal,2024-09-20,2024-09-23,4.0,1.0
7962,62,24/25,Problemas de cadera,2024-08-31,2024-09-02,3.0,1.0
7975,74,24/25,Fractura de clavícula,2025-01-18,2025-02-18,32.0,4.0
8002,633,24/25,Rotura del ligamento cruzado,2025-02-09,2025-09-09,213.0,19.0
8003,633,24/25,Enfermo,2024-11-24,2024-11-26,3.0,1.0
8004,633,24/25,Contusión,2024-07-22,2024-07-27,6.0,1.0
8023,638,24/25,Fractura de tibia,2024-09-13,2024-10-03,21.0,3.0
